canonical,name,region,type,population
United States,United States,,Country,340000000
"Alabama, United States",Alabama,,State,0
"Alaska, United States",Alaska,,State,0
"Arizona, United States",Arizona,,State,0
"Arkansas, United States",Arkansas,,State,0
"California, United States",California,,State,0
"Colorado, United States",Colorado,,State,0
"Connecticut, United States",Connecticut,,State,0
"Delaware, United States",Delaware,,State,0
"District of Columbia, United States",District of Columbia,,State,0
"Florida, United States",Florida,,State,0
"Georgia, United States",Georgia,,State,0
"Hawaii, United States",Hawaii,,State,0
"Idaho, United States",Idaho,,State,0
"Illinois, United States",Illinois,,State,0
"Indiana, United States",Indiana,,State,0
"Iowa, United States",Iowa,,State,0
"Kansas, United States",Kansas,,State,0
"Kentucky, United States",Kentucky,,State,0
"Louisiana, United States",Louisiana,,State,0
"Maine, United States",Maine,,State,0
"Maryland, United States",Maryland,,State,0
"Massachusetts, United States",Massachusetts,,State,0
"Michigan, United States",Michigan,,State,0
"Minnesota, United States",Minnesota,,State,0
"Mississippi, United States",Mississippi,,State,0
"Missouri, United States",Missouri,,State,0
"Montana, United States",Montana,,State,0
"Nebraska, United States",Nebraska,,State,0
"Nevada, United States",Nevada,,State,0
"New Hampshire, United States",New Hampshire,,State,0
"New Jersey, United States",New Jersey,,State,0
"New Mexico, United States",New Mexico,,State,0
"New York, United States",New York,,State,0
"North Carolina, United States",North Carolina,,State,0
"North Dakota, United States",North Dakota,,State,0
"Ohio, United States",Ohio,,State,0
"Oklahoma, United States",Oklahoma,,State,0
"Oregon, United States",Oregon,,State,0
"Pennsylvania, United States",Pennsylvania,,State,0
"Rhode Island, United States",Rhode Island,,State,0
"South Carolina, United States",South Carolina,,State,0
"South Dakota, United States",South Dakota,,State,0
"Tennessee, United States",Tennessee,,State,0
"Texas, United States",Texas,,State,0
"Utah, United States",Utah,,State,0
"Vermont, United States",Vermont,,State,0
"Virginia, United States",Virginia,,State,0
"Washington, United States",Washington,,State,0
"West Virginia, United States",West Virginia,,State,0
"Wisconsin, United States",Wisconsin,,State,0
"Wyoming, United States",Wyoming,,State,0
"New York City, New York, United States",New York City,New York,City,8804190
"Los Angeles, California, United States",Los Angeles,California,City,3820914
"Brooklyn, New York, United States",Brooklyn,New York,City,2736074
"Chicago, Illinois, United States",Chicago,Illinois,City,2664452
"Queens, New York, United States",Queens,New York,City,2316841
"Houston, Texas, United States",Houston,Texas,City,2314157
"Phoenix, Arizona, United States",Phoenix,Arizona,City,1650070
"Philadelphia, Pennsylvania, United States",Philadelphia,Pennsylvania,City,1573916
"San Antonio, Texas, United States",San Antonio,Texas,City,1526656
"Manhattan, New York, United States",Manhattan,New York,City,1487536
"San Diego, California, United States",San Diego,California,City,1404452
"The Bronx, New York, United States",The Bronx,New York,City,1385108
"Dallas, Texas, United States",Dallas,Texas,City,1326087
"Jacksonville, Florida, United States",Jacksonville,Florida,City,1009833
"Fort Worth, Texas, United States",Fort Worth,Texas,City,1008106
"San Jose, California, United States",San Jose,California,City,997368
"Austin, Texas, United States",Austin,Texas,City,974447
"Columbus, Ohio, United States",Columbus,Ohio,City,913175
"Charlotte, North Carolina, United States",Charlotte,North Carolina,City,911311
"Indianapolis, Indiana, United States",Indianapolis,Indiana,City,887642
"San Francisco, California, United States",San Francisco,California,City,827526
"Seattle, Washington, United States",Seattle,Washington,City,780995
"Denver, Colorado, United States",Denver,Colorado,City,729019
"Washington, District of Columbia, United States",Washington,District of Columbia,City,689545
"Nashville, Tennessee, United States",Nashville,Tennessee,City,689447
"Oklahoma City, Oklahoma, United States",Oklahoma City,Oklahoma,City,681054
"El Paso, Texas, United States",El Paso,Texas,City,678815
"Boston, Massachusetts, United States",Boston,Massachusetts,City,653833
"Portland, Oregon, United States",Portland,Oregon,City,652503
"Detroit, Michigan, United States",Detroit,Michigan,City,645705
"Las Vegas, Nevada, United States",Las Vegas,Nevada,City,641903
"New South Memphis, Tennessee, United States",New South Memphis,Tennessee,City,641608
"Memphis, Tennessee, United States",Memphis,Tennessee,City,633104
"Louisville, Kentucky, United States",Louisville,Kentucky,City,624444
"Baltimore, Maryland, United States",Baltimore,Maryland,City,585708
"South Boston, Massachusetts, United States",South Boston,Massachusetts,City,571281
"Albuquerque, New Mexico, United States",Albuquerque,New Mexico,City,564559
"Milwaukee, Wisconsin, United States",Milwaukee,Wisconsin,City,563531
"Tucson, Arizona, United States",Tucson,Arizona,City,542629
"Fresno, California, United States",Fresno,California,City,542107
"Sacramento, California, United States",Sacramento,California,City,524943
"Atlanta, Georgia, United States",Atlanta,Georgia,City,510823
"Miami, Florida, United States",Miami,Florida,City,487014
"Omaha, Nebraska, United States",Omaha,Nebraska,City,486051
"Raleigh, North Carolina, United States",Raleigh,North Carolina,City,482295
"Kansas City, Missouri, United States",Kansas City,Missouri,City,475378
"Long Beach, California, United States",Long Beach,California,City,474140
"Mesa, Arizona, United States",Mesa,Arizona,City,471825
"Staten Island, New York, United States",Staten Island,New York,City,468730
"Colorado Springs, Colorado, United States",Colorado Springs,Colorado,City,456568
"Virginia Beach, Virginia, United States",Virginia Beach,Virginia,City,454808
"Oakland, California, United States",Oakland,California,City,419267
"Tampa, Florida, United States",Tampa,Florida,City,414547
"Tulsa, Oklahoma, United States",Tulsa,Oklahoma,City,413066
"Minneapolis, Minnesota, United States",Minneapolis,Minnesota,City,410939
"Wichita, Kansas, United States",Wichita,Kansas,City,396119
"Arlington, Texas, United States",Arlington,Texas,City,388125
"Bakersfield, California, United States",Bakersfield,California,City,373640
"Cleveland, Ohio, United States",Cleveland,Ohio,City,365379
"New Orleans, Louisiana, United States",New Orleans,Louisiana,City,362701
"Aurora, Colorado, United States",Aurora,Colorado,City,359407
"Honolulu, Hawaii, United States",Honolulu,Hawaii,City,350964
"Anaheim, California, United States",Anaheim,California,City,350742
"West Raleigh, North Carolina, United States",West Raleigh,North Carolina,City,338759
"Orlando, Florida, United States",Orlando,Florida,City,334854
"Lexington, Kentucky, United States",Lexington,Kentucky,City,320347
"Riverside, California, United States",Riverside,California,City,317261
"Corpus Christi, Texas, United States",Corpus Christi,Texas,City,316239
"Lexington-Fayette, Kentucky, United States",Lexington-Fayette,Kentucky,City,314488
"Cincinnati, Ohio, United States",Cincinnati,Ohio,City,311097
"Santa Ana, California, United States",Santa Ana,California,City,310227
"Stockton, California, United States",Stockton,California,City,305658
"Pittsburgh, Pennsylvania, United States",Pittsburgh,Pennsylvania,City,304391
"Saint Paul, Minnesota, United States",Saint Paul,Minnesota,City,303176
"Lincoln, Nebraska, United States",Lincoln,Nebraska,City,294757
"Anchorage, Alaska, United States",Anchorage,Alaska,City,289600
"Ironville, Kentucky, United States",Ironville,Kentucky,City,288649
"Meads, Kentucky, United States",Meads,Kentucky,City,288649
"Henderson, Nevada, United States",Henderson,Nevada,City,285667
"Greensboro, North Carolina, United States",Greensboro,North Carolina,City,285342
"Plano, Texas, United States",Plano,Texas,City,283558
"Newark, New Jersey, United States",Newark,New Jersey,City,281944
"Madison, Wisconsin, United States",Madison,Wisconsin,City,280305
"St. Louis, Missouri, United States",St. Louis,Missouri,City,279695
"Chula Vista, California, United States",Chula Vista,California,City,265757
"Toledo, Ohio, United States",Toledo,Ohio,City,265638
"Jersey City, New Jersey, United States",Jersey City,New Jersey,City,264290
"Reno, Nevada, United States",Reno,Nevada,City,264165
"Chandler, Arizona, United States",Chandler,Arizona,City,260828
"Fort Wayne, Indiana, United States",Fort Wayne,Indiana,City,260326
"Buffalo, New York, United States",Buffalo,New York,City,258071
"Durham, North Carolina, United States",Durham,North Carolina,City,257636
"St. Petersburg, Florida, United States",St. Petersburg,Florida,City,257083
"Irvine, California, United States",Irvine,California,City,256927
"Laredo, Texas, United States",Laredo,Texas,City,256153
"Lubbock, Texas, United States",Lubbock,Texas,City,249042
"Gilbert, Arizona, United States",Gilbert,Arizona,City,247542
"Tri-Cities, Washington, United States",Tri-Cities,Washington,City,244036
"Winston-Salem, North Carolina, United States",Winston-Salem,North Carolina,City,241218
"Glendale, Arizona, United States",Glendale,Arizona,City,240126
"Norfolk, Virginia, United States",Norfolk,Virginia,City,238005
"Hialeah, Florida, United States",Hialeah,Florida,City,237069
"Garland, Texas, United States",Garland,Texas,City,236897
"Scottsdale, Arizona, United States",Scottsdale,Arizona,City,236839
"Irving, Texas, United States",Irving,Texas,City,236607
"Boise, Idaho, United States",Boise,Idaho,City,235684
"Chesapeake, Virginia, United States",Chesapeake,Virginia,City,235429
"North Las Vegas, Nevada, United States",North Las Vegas,Nevada,City,234807
"Fremont, California, United States",Fremont,California,City,232206
"Spokane, Washington, United States",Spokane,Washington,City,229447
"Baton Rouge, Louisiana, United States",Baton Rouge,Louisiana,City,227470
"Upper West Side, New York, United States",Upper West Side,New York,City,226989
"Richmond, Virginia, United States",Richmond,Virginia,City,226610
"Paradise, Nevada, United States",Paradise,Nevada,City,223167
"Tacoma, Washington, United States",Tacoma,Washington,City,222906
"Jamaica, New York, United States",Jamaica,New York,City,216866
"San Bernardino, California, United States",San Bernardino,California,City,216108
"Salt Lake City, Utah, United States",Salt Lake City,Utah,City,215548
"Huntsville, Alabama, United States",Huntsville,Alabama,City,215006
"Des Moines, Iowa, United States",Des Moines,Iowa,City,214133
"Fontana, California, United States",Fontana,California,City,212704
"Modesto, California, United States",Modesto,California,City,211266
"Rochester, New York, United States",Rochester,New York,City,209802
"Maryvale, Arizona, United States",Maryvale,Arizona,City,208189
"Arlington, Virginia, United States",Arlington,Virginia,City,207627
"Oxnard, California, United States",Oxnard,California,City,207254
"Columbus, Georgia, United States",Columbus,Georgia,City,206922
"Worcester, Massachusetts, United States",Worcester,Massachusetts,City,206518
"Moreno Valley, California, United States",Moreno Valley,California,City,204198
"Little Rock, Arkansas, United States",Little Rock,Arkansas,City,202591
"Fayetteville, North Carolina, United States",Fayetteville,North Carolina,City,201963
"Huntington Beach, California, United States",Huntington Beach,California,City,201899
"Tallahassee, Florida, United States",Tallahassee,Florida,City,201731
"Yonkers, New York, United States",Yonkers,New York,City,201116
"Glendale, California, United States",Glendale,California,City,201020
"Cypress, Texas, United States",Cypress,Texas,City,200839
"Aurora, Illinois, United States",Aurora,Illinois,City,200661
"Amarillo, Texas, United States",Amarillo,Texas,City,198645
"Akron, Ohio, United States",Akron,Ohio,City,197542
"Vancouver, Washington, United States",Vancouver,Washington,City,196442
"Birmingham, Alabama, United States",Birmingham,Alabama,City,196357
"Montgomery, Alabama, United States",Montgomery,Alabama,City,195287
"Grand Rapids, Michigan, United States",Grand Rapids,Michigan,City,195097
"Peoria, Arizona, United States",Peoria,Arizona,City,190985
"Providence, Rhode Island, United States",Providence,Rhode Island,City,190934
"Knoxville, Tennessee, United States",Knoxville,Tennessee,City,190740
"Sunrise Manor, Nevada, United States",Sunrise Manor,Nevada,City,189372
"Grand Prairie, Texas, United States",Grand Prairie,Texas,City,187809
"Shreveport, Louisiana, United States",Shreveport,Louisiana,City,187593
"Brownsville, Texas, United States",Brownsville,Texas,City,186738
"Overland Park, Kansas, United States",Overland Park,Kansas,City,186515
"Newport News, Virginia, United States",Newport News,Virginia,City,186247
"Mobile, Alabama, United States",Mobile,Alabama,City,183289
"Fort Lauderdale, Florida, United States",Fort Lauderdale,Florida,City,183146
"Santa Clarita, California, United States",Santa Clarita,California,City,182371
"Chattanooga, Tennessee, United States",Chattanooga,Tennessee,City,181099
"East Flatbush, New York, United States",East Flatbush,New York,City,178464
"Spring Valley, Nevada, United States",Spring Valley,Nevada,City,178395
"Santa Rosa, California, United States",Santa Rosa,California,City,178127
"Eugene, Oregon, United States",Eugene,Oregon,City,176654
"Tempe, Arizona, United States",Tempe,Arizona,City,175826
"Oceanside, California, United States",Oceanside,California,City,175691
"Salem, Oregon, United States",Salem,Oregon,City,175535
"Garden Grove, California, United States",Garden Grove,California,City,175393
"Rancho Cucamonga, California, United States",Rancho Cucamonga,California,City,175236
"Cape Coral, Florida, United States",Cape Coral,Florida,City,175229
"East New York, New York, United States",East New York,New York,City,173198
"Sioux Falls, South Dakota, United States",Sioux Falls,South Dakota,City,171544
"Ontario, California, United States",Ontario,California,City,171214
"Fort Collins, Colorado, United States",Fort Collins,Colorado,City,170924
"Springfield, Missouri, United States",Springfield,Missouri,City,170188
"Hollywood, California, United States",Hollywood,California,City,167664
"Elk Grove, California, United States",Elk Grove,California,City,166913
"Clarksville, Tennessee, United States",Clarksville,Tennessee,City,166722
"Pembroke Pines, Florida, United States",Pembroke Pines,Florida,City,166611
"Deer Valley, Arizona, United States",Deer Valley,Arizona,City,165656
"Murfreesboro, Tennessee, United States",Murfreesboro,Tennessee,City,165430
"Port Saint Lucie, Florida, United States",Port Saint Lucie,Florida,City,164603
"Corona, California, United States",Corona,California,City,164226
"McKinney, Texas, United States",McKinney,Texas,City,162898
"Lancaster, California, United States",Lancaster,California,City,161103
"Cary, North Carolina, United States",Cary,North Carolina,City,159769
"Alexandria, Virginia, United States",Alexandria,Virginia,City,159467
"Tempe Junction, Arizona, United States",Tempe Junction,Arizona,City,158368
"Palmdale, California, United States",Palmdale,California,City,158351
"Hayward, California, United States",Hayward,California,City,158289
"Salinas, California, United States",Salinas,California,City,157380
"Sunnyvale, California, United States",Sunnyvale,California,City,155805
"Frisco, Texas, United States",Frisco,Texas,City,154407
"Springfield, Massachusetts, United States",Springfield,Massachusetts,City,154341
"East Chattanooga, Tennessee, United States",East Chattanooga,Tennessee,City,154024
"Pasadena, Texas, United States",Pasadena,Texas,City,153784
"Jackson, Mississippi, United States",Jackson,Mississippi,City,153701
"Pomona, California, United States",Pomona,California,City,153266
"Kansas City, Kansas, United States",Kansas City,Kansas,City,152933
"Washington Heights, New York, United States",Washington Heights,New York,City,152613
"Lakewood, Colorado, United States",Lakewood,Colorado,City,152597
"Escondido, California, United States",Escondido,California,City,151038
"Astoria, New York, United States",Astoria,New York,City,150165
"Hollywood, Florida, United States",Hollywood,Florida,City,149728
"Borough Park, New York, United States",Borough Park,New York,City,149248
"Valencia, California, United States",Valencia,California,City,148456
"Rockford, Illinois, United States",Rockford,Illinois,City,148278
"East Hampton, Virginia, United States",East Hampton,Virginia,City,147993
"Joliet, Illinois, United States",Joliet,Illinois,City,147861
"Savannah, Georgia, United States",Savannah,Georgia,City,147780
"Paterson, New Jersey, United States",Paterson,New Jersey,City,147754
"Bridgeport, Connecticut, United States",Bridgeport,Connecticut,City,147629
"Naperville, Illinois, United States",Naperville,Illinois,City,147100
"Gainesville, Florida, United States",Gainesville,Florida,City,145214
"Mesquite, Texas, United States",Mesquite,Texas,City,144788
"Syracuse, New York, United States",Syracuse,New York,City,144142
"Torrance, California, United States",Torrance,California,City,143592
"Surprise, Arizona, United States",Surprise,Arizona,City,143148
"Metairie Terrace, Louisiana, United States",Metairie Terrace,Louisiana,City,142489
"Columbia, South Carolina, United States",Columbia,South Carolina,City,142416
"Pasadena, California, United States",Pasadena,California,City,142250
"Orange, California, United States",Orange,California,City,140992
"Fullerton, California, United States",Fullerton,California,City,140847
"Killeen, Texas, United States",Killeen,Texas,City,140806
"McAllen, Texas, United States",McAllen,Texas,City,140269
"Bellevue, Washington, United States",Bellevue,Washington,City,139820
"Metairie, Louisiana, United States",Metairie,Louisiana,City,138481
"Hampton, Virginia, United States",Hampton,Virginia,City,137148
"Miramar, Florida, United States",Miramar,Florida,City,137132
"Van Nuys, California, United States",Van Nuys,California,City,136443
"West Valley City, Utah, United States",West Valley City,Utah,City,136208
"Dayton, Ohio, United States",Dayton,Ohio,City,135512
"Olathe, Kansas, United States",Olathe,Kansas,City,134305
"Warren, Michigan, United States",Warren,Michigan,City,134056
"Thornton, Colorado, United States",Thornton,Colorado,City,133451
"Carrollton, Texas, United States",Carrollton,Texas,City,133168
"Charleston, South Carolina, United States",Charleston,South Carolina,City,132609
"Midland, Texas, United States",Midland,Texas,City,132524
"Waco, Texas, United States",Waco,Texas,City,132356
"Sterling Heights, Michigan, United States",Sterling Heights,Michigan,City,132052
"Denton, Texas, United States",Denton,Texas,City,131044
"Cedar Rapids, Iowa, United States",Cedar Rapids,Iowa,City,130405
"New Haven, Connecticut, United States",New Haven,Connecticut,City,130322
"Roseville, California, United States",Roseville,California,City,130269
"Visalia, California, United States",Visalia,California,City,130104
"Coral Springs, Florida, United States",Coral Springs,Florida,City,129485
"Thousand Oaks, California, United States",Thousand Oaks,California,City,129339
"Columbia, Missouri, United States",Columbia,Missouri,City,129330
"Elizabeth, New Jersey, United States",Elizabeth,New Jersey,City,129007
"Stamford, Connecticut, United States",Stamford,Connecticut,City,128874
"Concord, California, United States",Concord,California,City,128667
"Norman, Oklahoma, United States",Norman,Oklahoma,City,128026
"Alhambra, Arizona, United States",Alhambra,Arizona,City,127764
"Athens, Georgia, United States",Athens,Georgia,City,127315
"Kent, Washington, United States",Kent,Washington,City,126952
"Simi Valley, California, United States",Simi Valley,California,City,126788
"East Los Angeles, California, United States",East Los Angeles,California,City,126496
"Santa Clara, California, United States",Santa Clara,California,City,126215
"Sunset Park, New York, United States",Sunset Park,New York,City,126000
"Topeka, Kansas, United States",Topeka,Kansas,City,125963
"Abilene, Texas, United States",Abilene,Texas,City,125182
"Koreatown, California, United States",Koreatown,California,City,124281
"Sheepshead Bay, New York, United States",Sheepshead Bay,New York,City,122534
"Amherst, New York, United States",Amherst,New York,City,122366
"Victorville, California, United States",Victorville,California,City,122225
"Vallejo, California, United States",Vallejo,California,City,121692
"Lafayette, Louisiana, United States",Lafayette,Louisiana,City,121374
"Chico, California, United States",Chico,California,City,121345
"North Stamford, Connecticut, United States",North Stamford,Connecticut,City,121230
"Hartford, Connecticut, United States",Hartford,Connecticut,City,121054
"Berkeley, California, United States",Berkeley,California,City,120972
"West Palm Beach, Florida, United States",West Palm Beach,Florida,City,120932
"Allentown, Pennsylvania, United States",Allentown,Pennsylvania,City,120207
"Evansville, Indiana, United States",Evansville,Indiana,City,119943
"Palm Bay, Florida, United States",Palm Bay,Florida,City,119760
"Fargo, North Dakota, United States",Fargo,North Dakota,City,118523
"Clearwater, Florida, United States",Clearwater,Florida,City,117292
"Independence, Missouri, United States",Independence,Missouri,City,117255
"Billings, Montana, United States",Billings,Montana,City,117116
"Ann Arbor, Michigan, United States",Ann Arbor,Michigan,City,117070
"El Monte, California, United States",El Monte,California,City,116732
"Harlem, New York, United States",Harlem,New York,City,116345
"Westminster, Colorado, United States",Westminster,Colorado,City,116317
"Round Rock, Texas, United States",Round Rock,Texas,City,115997
"Wilmington, North Carolina, United States",Wilmington,North Carolina,City,115933
"East Harlem, New York, United States",East Harlem,New York,City,115921
"Arvada, Colorado, United States",Arvada,Colorado,City,115368
"Beaumont, Texas, United States",Beaumont,Texas,City,115282
"Provo, Utah, United States",Provo,Utah,City,115162
"Peoria, Illinois, United States",Peoria,Illinois,City,115070
"Carlsbad, California, United States",Carlsbad,California,City,114746
"Odessa, Texas, United States",Odessa,Texas,City,114428
"Springfield, Illinois, United States",Springfield,Illinois,City,114394
"Downey, California, United States",Downey,California,City,114219
"Elmhurst, New York, United States",Elmhurst,New York,City,113364
"Costa Mesa, California, United States",Costa Mesa,California,City,113204
"Miami Gardens, Florida, United States",Miami Gardens,Florida,City,113187
"North Peoria, Illinois, United States",North Peoria,Illinois,City,113004
"Fairfield, California, United States",Fairfield,California,City,112970
"Lansing, Michigan, United States",Lansing,Michigan,City,112644
"Bushwick, New York, United States",Bushwick,New York,City,112620
"Gravesend, New York, United States",Gravesend,New York,City,112229
"Rochester, Minnesota, United States",Rochester,Minnesota,City,112225
"Elgin, Illinois, United States",Elgin,Illinois,City,112111
"West Jordan, Utah, United States",West Jordan,Utah,City,111946
"Inglewood, California, United States",Inglewood,California,City,111666
"Tuscaloosa, Alabama, United States",Tuscaloosa,Alabama,City,111338
"Richardson, Texas, United States",Richardson,Texas,City,110815
"Lowell, Massachusetts, United States",Lowell,Massachusetts,City,110699
"East Independence, Missouri, United States",East Independence,Missouri,City,110675
"Gresham, Oregon, United States",Gresham,Oregon,City,110553
"Antioch, California, United States",Antioch,California,City,110542
"Cambridge, Massachusetts, United States",Cambridge,Massachusetts,City,110402
"High Point, North Carolina, United States",High Point,North Carolina,City,110268
"Manchester, New Hampshire, United States",Manchester,New Hampshire,City,110229
"Temecula, California, United States",Temecula,California,City,110003
"Murrieta, California, United States",Murrieta,California,City,109830
"Centennial, Colorado, United States",Centennial,Colorado,City,109741
"Richmond, California, United States",Richmond,California,City,109708
"Corona, New York, United States",Corona,New York,City,109698
"Pueblo, Colorado, United States",Pueblo,Colorado,City,109412
"Pearland, Texas, United States",Pearland,Texas,City,108821
"Waterbury, Connecticut, United States",Waterbury,Connecticut,City,108802
"Greeley, Colorado, United States",Greeley,Colorado,City,108795
"West Covina, California, United States",West Covina,California,City,108484
"Enterprise, Nevada, United States",Enterprise,Nevada,City,108481
"North Charleston, South Carolina, United States",North Charleston,South Carolina,City,108304
"Everett, Washington, United States",Everett,Washington,City,108010
"College Station, Texas, United States",College Station,Texas,City,107889
"Pompano Beach, Florida, United States",Pompano Beach,Florida,City,107762
"South Fulton, Georgia, United States",South Fulton,Georgia,City,107436
"Norwalk, California, United States",Norwalk,California,City,107140
"Boulder, Colorado, United States",Boulder,Colorado,City,106803
"Broken Arrow, Oklahoma, United States",Broken Arrow,Oklahoma,City,106563
"Daly City, California, United States",Daly City,California,City,106562
"Sandy Springs, Georgia, United States",Sandy Springs,Georgia,City,105330
"Burbank, California, United States",Burbank,California,City,105319
"Green Bay, Wisconsin, United States",Green Bay,Wisconsin,City,105207
"Santa Maria, California, United States",Santa Maria,California,City,105093
"Universal City, California, United States",Universal City,California,City,105000
"Wichita Falls, Texas, United States",Wichita Falls,Texas,City,104710
"Lakeland, Florida, United States",Lakeland,Florida,City,104401
"Clovis, California, United States",Clovis,California,City,104180
"Lewisville, Texas, United States",Lewisville,Texas,City,104039
"Tyler, Texas, United States",Tyler,Texas,City,103700
"El Cajon, California, United States",El Cajon,California,City,103679
"San Mateo, California, United States",San Mateo,California,City,103536
"Brandon, Florida, United States",Brandon,Florida,City,103483
"Rialto, California, United States",Rialto,California,City,103132
"Davenport, Iowa, United States",Davenport,Iowa,City,102582
"Edison, New Jersey, United States",Edison,New Jersey,City,102548
"Hillsboro, Oregon, United States",Hillsboro,Oregon,City,102347
"Las Cruces, New Mexico, United States",Las Cruces,New Mexico,City,101643
"South Bend, Indiana, United States",South Bend,Indiana,City,101516
"Albany, New York, United States",Albany,New York,City,101228
"New Bedford, Massachusetts, United States",New Bedford,Massachusetts,City,101079
"Vista, California, United States",Vista,California,City,100890
"Davie, Florida, United States",Davie,Florida,City,100882
"Chinatown, California, United States",Chinatown,California,City,100574
"Renton, Washington, United States",Renton,Washington,City,100242
"Roanoke, Virginia, United States",Roanoke,Virginia,City,100011
"San Angelo, Texas, United States",San Angelo,Texas,City,99893
"Kenosha, Wisconsin, United States",Kenosha,Wisconsin,City,99858
"Clinton Township, Michigan, United States",Clinton Township,Michigan,City,99753
"Columbia, Maryland, United States",Columbia,Maryland,City,99615
"Erie, Pennsylvania, United States",Erie,Pennsylvania,City,99475
"Portsmouth Heights, Virginia, United States",Portsmouth Heights,Virginia,City,99049
"Richmond Hill, New York, United States",Richmond Hill,New York,City,98984
"Alief, Texas, United States",Alief,Texas,City,98725
"Spring Hill, Florida, United States",Spring Hill,Florida,City,98621
"Compton, California, United States",Compton,California,City,98462
"League City, Texas, United States",League City,Texas,City,98312
"Flint, Michigan, United States",Flint,Michigan,City,98310
"Allen, Texas, United States",Allen,Texas,City,98143
"Dorchester, Massachusetts, United States",Dorchester,Massachusetts,City,97826
"Mission Viejo, California, United States",Mission Viejo,California,City,97156
"Vacaville, California, United States",Vacaville,California,City,96803
"Ventura, California, United States",Ventura,California,City,96769
"Highlands Ranch, Colorado, United States",Highlands Ranch,Colorado,City,96713
"Lawton, Oklahoma, United States",Lawton,Oklahoma,City,96655
"Beaverton, Oregon, United States",Beaverton,Oregon,City,96577
"South Gate, California, United States",South Gate,California,City,96401
"Portsmouth, Virginia, United States",Portsmouth,Virginia,City,96201
"Sparks, Nevada, United States",Sparks,Nevada,City,96094
"Yuma, Arizona, United States",Yuma,Arizona,City,95548
"Brockton, Massachusetts, United States",Brockton,Massachusetts,City,95314
"Dearborn, Michigan, United States",Dearborn,Michigan,City,95171
"Federal Way, Washington, United States",Federal Way,Washington,City,95171
"Lee's Summit, Missouri, United States",Lee's Summit,Missouri,City,95094
"Asheville, North Carolina, United States",Asheville,North Carolina,City,95056
"Spokane Valley, Washington, United States",Spokane Valley,Washington,City,94919
"Fordham, New York, United States",Fordham,New York,City,94678
"Livonia, Michigan, United States",Livonia,Michigan,City,94635
"Roswell, Georgia, United States",Roswell,Georgia,City,94501
"Orem, Utah, United States",Orem,Utah,City,94457
"Fall River, Massachusetts, United States",Fall River,Massachusetts,City,94000
"Lawrence, Kansas, United States",Lawrence,Kansas,City,93917
"The Woodlands, Texas, United States",The Woodlands,Texas,City,93847
"West Albany, New York, United States",West Albany,New York,City,93794
"Yakima, Washington, United States",Yakima,Washington,City,93701
"Quincy, Massachusetts, United States",Quincy,Massachusetts,City,93618
"Flatbush, New York, United States",Flatbush,New York,City,93361
"Hesperia, California, United States",Hesperia,California,City,93295
"Carson, California, United States",Carson,California,City,93281
"Boca Raton, Florida, United States",Boca Raton,Florida,City,93235
"Santa Monica, California, United States",Santa Monica,California,City,93220
"San Marcos, California, United States",San Marcos,California,City,92931
"Boyle Heights, California, United States",Boyle Heights,California,City,92785
"Plantation, Florida, United States",Plantation,Florida,City,92560
"Lynn, Massachusetts, United States",Lynn,Massachusetts,City,92457
"Miami Beach, Florida, United States",Miami Beach,Florida,City,92312
"Arden-Arcade, California, United States",Arden-Arcade,California,City,92186
"Westminster, California, United States",Westminster,California,City,92114
"Longmont, Colorado, United States",Longmont,Colorado,City,92088
"Santa Barbara, California, United States",Santa Barbara,California,City,91842
"Redding, California, United States",Redding,California,City,91582
"Macon, Georgia, United States",Macon,Georgia,City,91351
"Meridian, Idaho, United States",Meridian,Idaho,City,90739
"San Leandro, California, United States",San Leandro,California,City,90712
"Greenville, North Carolina, United States",Greenville,North Carolina,City,90597
"Edmond, Oklahoma, United States",Edmond,Oklahoma,City,90092
"Chinatown, New York, United States",Chinatown,New York,City,90000
"Nampa, Idaho, United States",Nampa,Idaho,City,89839
"Trenton, New Jersey, United States",Trenton,New Jersey,City,89620
"Sandy Hills, Utah, United States",Sandy Hills,Utah,City,89575
"Newton, Massachusetts, United States",Newton,Massachusetts,City,88817
"Toms River, New Jersey, United States",Toms River,New Jersey,City,88791
"Carmel, Indiana, United States",Carmel,Indiana,City,88713
"Norwalk, Connecticut, United States",Norwalk,Connecticut,City,88485
"Waukegan, Illinois, United States",Waukegan,Illinois,City,88475
"Deltona, Florida, United States",Deltona,Florida,City,88474
"Hawthorne, California, United States",Hawthorne,California,City,88451
"Fort Smith, Arkansas, United States",Fort Smith,Arkansas,City,88194
"Suffolk, Virginia, United States",Suffolk,Virginia,City,88161
"Sugar Land, Texas, United States",Sugar Land,Texas,City,88156
"Livermore, California, United States",Livermore,California,City,88126
"Nashua, New Hampshire, United States",Nashua,New Hampshire,City,87970
"Reading, Pennsylvania, United States",Reading,Pennsylvania,City,87879
"Concord, North Carolina, United States",Concord,North Carolina,City,87696
"Indio, California, United States",Indio,California,City,87533
"Rio Rancho, New Mexico, United States",Rio Rancho,New Mexico,City,87521
"Enchanted Hills, New Mexico, United States",Enchanted Hills,New Mexico,City,87521
"Santa Fe, New Mexico, United States",Santa Fe,New Mexico,City,87505
"Sandy, Utah, United States",Sandy,Utah,City,87461
"Whittier, California, United States",Whittier,California,City,87438
"Canarsie, New York, United States",Canarsie,New York,City,87366
"Kirkland, Washington, United States",Kirkland,Washington,City,87281
"Menifee, California, United States",Menifee,California,City,87174
"Newport Beach, California, United States",Newport Beach,California,City,87127
"Tracy, California, United States",Tracy,California,City,87075
"Citrus Heights, California, United States",Citrus Heights,California,City,87056
"Bend, Oregon, United States",Bend,Oregon,City,87014
"Canton, Michigan, United States",Canton,Michigan,City,86825
"Lehigh Acres, Florida, United States",Lehigh Acres,Florida,City,86784
"Greenburgh, New York, United States",Greenburgh,New York,City,86764
"Bloomington, Minnesota, United States",Bloomington,Minnesota,City,86435
"West Town, Illinois, United States",West Town,Illinois,City,86429
"Germantown, Maryland, United States",Germantown,Maryland,City,86395
"Clifton, New Jersey, United States",Clifton,New Jersey,City,86334
"Duluth, Minnesota, United States",Duluth,Minnesota,City,86110
"Champaign, Illinois, United States",Champaign,Illinois,City,86096
"Near North Side, Illinois, United States",Near North Side,Illinois,City,85711
"Chino, California, United States",Chino,California,City,85595
"Alhambra, California, United States",Alhambra,California,City,85551
"Ogden, Utah, United States",Ogden,Utah,City,85444
"Redwood City, California, United States",Redwood City,California,City,85288
"Bellingham, Washington, United States",Bellingham,Washington,City,85146
"O'Fallon, Missouri, United States",O'Fallon,Missouri,City,85040
"Hoover, Alabama, United States",Hoover,Alabama,City,84848
"Melbourne, Florida, United States",Melbourne,Florida,City,84678
"Danbury, Connecticut, United States",Danbury,Connecticut,City,84657
"East Norwalk, Connecticut, United States",East Norwalk,Connecticut,City,84530
"Edinburg, Texas, United States",Edinburg,Texas,City,84497
"Sunrise, Florida, United States",Sunrise,Florida,City,84439
"Bloomington, Indiana, United States",Bloomington,Indiana,City,84067
"Cicero, Illinois, United States",Cicero,Illinois,City,83886
"Hemet, California, United States",Hemet,California,City,83861
"San Pedro, California, United States",San Pedro,California,City,83556
"Ahwatukee Foothills, Arizona, United States",Ahwatukee Foothills,Arizona,City,83464
"Johns Creek, Georgia, United States",Johns Creek,Georgia,City,83335
"Mission, Texas, United States",Mission,Texas,City,83298
"Troy, Michigan, United States",Troy,Michigan,City,83280
"Buena Park, California, United States",Buena Park,California,City,83270
"Mid-City, California, United States",Mid-City,California,City,83000
"Palm Coast, Florida, United States",Palm Coast,Florida,City,82893
"Fayetteville, Arkansas, United States",Fayetteville,Arkansas,City,82830
"Sioux City, Iowa, United States",Sioux City,Iowa,City,82821
"Lake Forest, California, United States",Lake Forest,California,City,82492
"Merced, California, United States",Merced,California,City,82436
"Longview, Texas, United States",Longview,Texas,City,82287
"Bryan, Texas, United States",Bryan,Texas,City,82118
"Westland, Michigan, United States",Westland,Michigan,City,82000
"Warwick, Rhode Island, United States",Warwick,Rhode Island,City,81699
"Lakewood, California, United States",Lakewood,California,City,81611
"Farmington Hills, Michigan, United States",Farmington Hills,Michigan,City,81330
"San Tan Valley, Arizona, United States",San Tan Valley,Arizona,City,81321
"Mount Pleasant, South Carolina, United States",Mount Pleasant,South Carolina,City,81317
"Cranston, Rhode Island, United States",Cranston,Rhode Island,City,81073
"Largo, Florida, United States",Largo,Florida,City,81000
"Homestead, Florida, United States",Homestead,Florida,City,80737
"South Suffolk, Virginia, United States",South Suffolk,Virginia,City,80690
"Avondale, Arizona, United States",Avondale,Arizona,City,80684
"Tustin, California, United States",Tustin,California,City,80583
"Mountain View, California, United States",Mountain View,California,City,80435
"Napa, California, United States",Napa,California,City,80434
"Somerville, Massachusetts, United States",Somerville,Massachusetts,City,80318
"Kendall, Florida, United States",Kendall,Florida,City,80241
"Lawrence, Massachusetts, United States",Lawrence,Massachusetts,City,80231
"Parma, Ohio, United States",Parma,Ohio,City,79937
"New Rochelle, New York, United States",New Rochelle,New York,City,79846
"Lynchburg, Virginia, United States",Lynchburg,Virginia,City,79812
"Medford, Oregon, United States",Medford,Oregon,City,79805
"Deerfield Beach, Florida, United States",Deerfield Beach,Florida,City,79768
"Sylmar, California, United States",Sylmar,California,City,79614
"Pleasanton, California, United States",Pleasanton,California,City,79510
"Belmont Cragin, Illinois, United States",Belmont Cragin,Illinois,City,79159
"Brooklyn Park, Minnesota, United States",Brooklyn Park,Minnesota,City,79149
"Goodyear, Arizona, United States",Goodyear,Arizona,City,79003
"Kennewick, Washington, United States",Kennewick,Washington,City,78896
"Alameda, California, United States",Alameda,California,City,78630
"Town 'n' Country, Florida, United States",Town 'n' Country,Florida,City,78442
"Bellflower, California, United States",Bellflower,California,City,78441
"Chino Hills, California, United States",Chino Hills,California,City,78309
"Bloomington, Illinois, United States",Bloomington,Illinois,City,78292
"Alafaya, Florida, United States",Alafaya,Florida,City,78113
"Springdale, Arkansas, United States",Springdale,Arkansas,City,77859
"Racine, Wisconsin, United States",Racine,Wisconsin,City,77742
"Hammond, Indiana, United States",Hammond,Indiana,City,77614
"Milpitas, California, United States",Milpitas,California,City,77604
"Gary, Indiana, United States",Gary,Indiana,City,77156
"Scranton, Pennsylvania, United States",Scranton,Pennsylvania,City,77118
"Baldwin Park, California, United States",Baldwin Park,California,City,77071
"Auburn, Washington, United States",Auburn,Washington,City,77006
"Fishers, Indiana, United States",Fishers,Indiana,City,76794
"Saint Joseph, Missouri, United States",Saint Joseph,Missouri,City,76780
"Pharr, Texas, United States",Pharr,Texas,City,76538
"Upland, California, United States",Upland,California,City,76443
"Folsom, California, United States",Folsom,California,City,76375
"Baytown, Texas, United States",Baytown,Texas,City,76335
"San Ramon, California, United States",San Ramon,California,City,76134
"Camden, New Jersey, United States",Camden,New Jersey,City,76119
"Lake Charles, Louisiana, United States",Lake Charles,Louisiana,City,76070
"Kalamazoo, Michigan, United States",Kalamazoo,Michigan,City,76041
"Arlington Heights, Illinois, United States",Arlington Heights,Illinois,City,75926
"Plymouth, Minnesota, United States",Plymouth,Minnesota,City,75907
"South Ozone Park, New York, United States",South Ozone Park,New York,City,75878
"Doral, Florida, United States",Doral,Florida,City,75874
"Waterford, Michigan, United States",Waterford,Michigan,City,75737
"Evanston, Illinois, United States",Evanston,Illinois,City,75527
"Manteca, California, United States",Manteca,California,City,75448
"Wyoming, Michigan, United States",Wyoming,Michigan,City,75275
"Loveland, Colorado, United States",Loveland,Colorado,City,75182
"Cheektowaga, New York, United States",Cheektowaga,New York,City,75178
"Kings Bridge, New York, United States",Kings Bridge,New York,City,75132
"Bismarck, North Dakota, United States",Bismarck,North Dakota,City,75092
"Perris, California, United States",Perris,California,City,74971
"Bethlehem, Pennsylvania, United States",Bethlehem,Pennsylvania,City,74892
"Albany, Georgia, United States",Albany,Georgia,City,74843
"Schaumburg, Illinois, United States",Schaumburg,Illinois,City,74693
"Gastonia, North Carolina, United States",Gastonia,North Carolina,City,74543
"Brownsville, New York, United States",Brownsville,New York,City,74497
"Union City, California, United States",Union City,California,City,74494
"Bolingbrook, Illinois, United States",Bolingbrook,Illinois,City,74306
"Iowa City, Iowa, United States",Iowa City,Iowa,City,74220
"Layton, Utah, United States",Layton,Utah,City,74143
"Missouri City, Texas, United States",Missouri City,Texas,City,74139
"Appleton, Wisconsin, United States",Appleton,Wisconsin,City,74139
"Shelby, Michigan, United States",Shelby,Michigan,City,74099
"Fort Myers, Florida, United States",Fort Myers,Florida,City,74013
"Boynton Beach, Florida, United States",Boynton Beach,Florida,City,73966
"Jonesboro, Arkansas, United States",Jonesboro,Arkansas,City,73907
"South Lawndale, Illinois, United States",South Lawndale,Illinois,City,73826
"Logan Square, Illinois, United States",Logan Square,Illinois,City,73702
"Rapid City, South Dakota, United States",Rapid City,South Dakota,City,73569
"Warner Robins, Georgia, United States",Warner Robins,Georgia,City,73490
"Rochester Hills, Michigan, United States",Rochester Hills,Michigan,City,73424
"Decatur, Illinois, United States",Decatur,Illinois,City,73254
"Southfield, Michigan, United States",Southfield,Michigan,City,73156
"Saint George, Utah, United States",Saint George,Utah,City,72897
"New Britain, Connecticut, United States",New Britain,Connecticut,City,72808
"Daytona Beach, Florida, United States",Daytona Beach,Florida,City,72647
"Franklin, Tennessee, United States",Franklin,Tennessee,City,72639
"Turlock, California, United States",Turlock,California,City,72292
"Temple, Texas, United States",Temple,Texas,City,72277
"West Ridge, Illinois, United States",West Ridge,Illinois,City,72211
"Apple Valley, California, United States",Apple Valley,California,City,72174
"Lynwood, California, United States",Lynwood,California,City,71989
"Waukesha, Wisconsin, United States",Waukesha,Wisconsin,City,71970
"Canton, Ohio, United States",Canton,Ohio,City,71885
"Gulfport, Mississippi, United States",Gulfport,Mississippi,City,71856
"Pawtucket, Rhode Island, United States",Pawtucket,Rhode Island,City,71591
"Lauderhill, Florida, United States",Lauderhill,Florida,City,71579
"Rock Hill, South Carolina, United States",Rock Hill,South Carolina,City,71548
"Silver Spring, Maryland, United States",Silver Spring,Maryland,City,71452
"West Gulfport, Mississippi, United States",West Gulfport,Mississippi,City,71329
"Flower Mound, Texas, United States",Flower Mound,Texas,City,71253
"Centreville, Virginia, United States",Centreville,Virginia,City,71135
"Lafayette, Indiana, United States",Lafayette,Indiana,City,71111
"Passaic, New Jersey, United States",Passaic,New Jersey,City,71085
"Riverview, Florida, United States",Riverview,Florida,City,71050
"Redlands, California, United States",Redlands,California,City,71035
"Missoula, Montana, United States",Missoula,Montana,City,71022
"Rancho Cordova, California, United States",Rancho Cordova,California,City,71017
"Wilmington, Delaware, United States",Wilmington,Delaware,City,70898
"New Braunfels, Texas, United States",New Braunfels,Texas,City,70543
"Cherry Hill, New Jersey, United States",Cherry Hill,New Jersey,City,70475
"Flagstaff, Arizona, United States",Flagstaff,Arizona,City,70320
"Muncie, Indiana, United States",Muncie,Indiana,City,70087
"Mira Mesa, California, United States",Mira Mesa,California,City,70000
"Woodland Hills, California, United States",Woodland Hills,California,City,70000
"Weston, Florida, United States",Weston,Florida,City,69959
"Frederick, Maryland, United States",Frederick,Maryland,City,69479
"Pasco, Washington, United States",Pasco,Washington,City,69451
"Pittsburg, California, United States",Pittsburg,California,City,69424
"Ridgewood, New York, United States",Ridgewood,New York,City,69317
"Palatine, Illinois, United States",Palatine,Illinois,City,69308
"North Richland Hills, Texas, United States",North Richland Hills,Texas,City,69204
"Union City, New Jersey, United States",Union City,New Jersey,City,69156
"Kissimmee, Florida, United States",Kissimmee,Florida,City,69152
"Walnut Creek, California, United States",Walnut Creek,California,City,68910
"Cordova, Tennessee, United States",Cordova,Tennessee,City,68779
"Mount Vernon, New York, United States",Mount Vernon,New York,City,68628
"Conroe, Texas, United States",Conroe,Texas,City,68602
"Dothan, Alabama, United States",Dothan,Alabama,City,68567
"Northridge, California, United States",Northridge,California,City,68469
"Waterloo, Iowa, United States",Waterloo,Iowa,City,68460
"Maple Grove, Minnesota, United States",Maple Grove,Minnesota,City,68385
"Framingham, Massachusetts, United States",Framingham,Massachusetts,City,68318
"Redondo Beach, California, United States",Redondo Beach,California,City,68166
"Bossier City, Louisiana, United States",Bossier City,Louisiana,City,68094
"Yorba Linda, California, United States",Yorba Linda,California,City,67973
"Woodbury, Minnesota, United States",Woodbury,Minnesota,City,67855
"Eau Claire, Wisconsin, United States",Eau Claire,Wisconsin,City,67778
"Waldorf, Maryland, United States",Waldorf,Maryland,City,67752
"Forest Hills, New York, United States",Forest Hills,New York,City,67714
"Davis, California, United States",Davis,California,City,67666
"Glen Burnie, Maryland, United States",Glen Burnie,Maryland,City,67639
"Camarillo, California, United States",Camarillo,California,City,67608
"Victoria, Texas, United States",Victoria,Texas,City,67574
"Gaithersburg, Maryland, United States",Gaithersburg,Maryland,City,67456
"Jacksonville, North Carolina, United States",Jacksonville,North Carolina,City,67357
"South San Francisco, California, United States",South San Francisco,California,City,67271
"Kenner, Louisiana, United States",Kenner,Louisiana,City,67091
"Jackson Heights, New York, United States",Jackson Heights,New York,City,67067
"Rockville, Maryland, United States",Rockville,Maryland,City,66980
"Jackson, Tennessee, United States",Jackson,Tennessee,City,66975
"Lincoln Park, Illinois, United States",Lincoln Park,Illinois,City,66959
"Yuba City, California, United States",Yuba City,California,City,66941
"Portland, Maine, United States",Portland,Maine,City,66881
"Palo Alto, California, United States",Palo Alto,California,City,66853
"Casas Adobes, Arizona, United States",Casas Adobes,Arizona,City,66795
"Marysville, Washington, United States",Marysville,Washington,City,66773
"South Jordan, Utah, United States",South Jordan,Utah,City,66648
"Oshkosh, Wisconsin, United States",Oshkosh,Wisconsin,City,66555
"North Little Rock, Arkansas, United States",North Little Rock,Arkansas,City,66504
"Bayside, New York, United States",Bayside,New York,City,66455
"Bayonne, New Jersey, United States",Bayonne,New Jersey,City,66311
"Eagan, Minnesota, United States",Eagan,Minnesota,City,66286
"Delray Beach, Florida, United States",Delray Beach,Florida,City,66255
"Johnson City, Tennessee, United States",Johnson City,Tennessee,City,66027
"Dale City, Virginia, United States",Dale City,Virginia,City,65969
"Cedar Park, Texas, United States",Cedar Park,Texas,City,65945
"Parkchester, New York, United States",Parkchester,New York,City,65876
"Atascocita, Texas, United States",Atascocita,Texas,City,65844
"Saint Cloud, Minnesota, United States",Saint Cloud,Minnesota,City,65842
"Ellicott City, Maryland, United States",Ellicott City,Maryland,City,65834
"Laguna Niguel, California, United States",Laguna Niguel,California,City,65806
"Saint Charles, Missouri, United States",Saint Charles,Missouri,City,65794
"Harlingen, Texas, United States",Harlingen,Texas,City,65774
"San Clemente, California, United States",San Clemente,California,City,65526
"West Lynchburg, Virginia, United States",West Lynchburg,Virginia,City,65517
"Middletown, New Jersey, United States",Middletown,New Jersey,City,65490
"Framingham Center, Massachusetts, United States",Framingham Center,Massachusetts,City,65413
"Schenectady, New York, United States",Schenectady,New York,City,65305
"Cheyenne, Wyoming, United States",Cheyenne,Wyoming,City,65132
"Broomfield, Colorado, United States",Broomfield,Colorado,City,65065
"Ames, Iowa, United States",Ames,Iowa,City,65060
"Park Slope, New York, United States",Park Slope,New York,City,65047
"Shawnee, Kansas, United States",Shawnee,Kansas,City,65046
"Reseda, California, United States",Reseda,California,City,65000
"Conway, Arkansas, United States",Conway,Arkansas,City,64980
"East Orange, New Jersey, United States",East Orange,New Jersey,City,64949
"Portage Park, Illinois, United States",Portage Park,Illinois,City,64841
"Skokie, Illinois, United States",Skokie,Illinois,City,64821
"West Bloomfield Township, Michigan, United States",West Bloomfield Township,Michigan,City,64690
"Tamarac, Florida, United States",Tamarac,Florida,City,64681
"Youngstown, Ohio, United States",Youngstown,Ohio,City,64628
"Lodi, California, United States",Lodi,California,City,64596
"North Hollywood, California, United States",North Hollywood,California,City,64587
"Greenville, South Carolina, United States",Greenville,South Carolina,City,64579
"Mansfield, Texas, United States",Mansfield,Texas,City,64274
"Santa Cruz, California, United States",Santa Cruz,California,City,64220
"Pico Rivera, California, United States",Pico Rivera,California,City,64218
"Madera, California, United States",Madera,California,City,64208
"Janesville, Wisconsin, United States",Janesville,Wisconsin,City,64123
"West Des Moines, Iowa, United States",West Des Moines,Iowa,City,64113
"Montebello, California, United States",Montebello,California,City,63921
"Georgetown, Texas, United States",Georgetown,Texas,City,63716
"Alpharetta, Georgia, United States",Alpharetta,Georgia,City,63693
"Lorain, Ohio, United States",Lorain,Ohio,City,63647
"Bowling Green, Kentucky, United States",Bowling Green,Kentucky,City,63616
"Flatlands, New York, United States",Flatlands,New York,City,63601
"Dundalk, Maryland, United States",Dundalk,Maryland,City,63597
"Eden Prairie, Minnesota, United States",Eden Prairie,Minnesota,City,63496
"North Bergen, New Jersey, United States",North Bergen,New Jersey,City,63484
"Florence-Graham, California, United States",Florence-Graham,California,City,63387
"Waltham, Massachusetts, United States",Waltham,Massachusetts,City,63378
"West Hartford, Connecticut, United States",West Hartford,Connecticut,City,63268
"Rogers, Arkansas, United States",Rogers,Arkansas,City,63159
"Carol City, Florida, United States",Carol City,Florida,City,63031
"Encinitas, California, United States",Encinitas,California,City,62930
"East Village, New York, United States",East Village,New York,City,62832
"Haverhill, Massachusetts, United States",Haverhill,Massachusetts,City,62765
"Jupiter, Florida, United States",Jupiter,Florida,City,62707
"Council Bluffs, Iowa, United States",Council Bluffs,Iowa,City,62597
"Wellington, Florida, United States",Wellington,Florida,City,62560
"West Coon Rapids, Minnesota, United States",West Coon Rapids,Minnesota,City,62528
"North Miami, Florida, United States",North Miami,Florida,City,62435
"Hamilton, Ohio, United States",Hamilton,Ohio,City,62407
"North Port, Florida, United States",North Port,Florida,City,62345
"Tulare, California, United States",Tulare,California,City,62315
"Coon Rapids, Minnesota, United States",Coon Rapids,Minnesota,City,62240
"Millcreek, Utah, United States",Millcreek,Utah,City,62139
"La Habra, California, United States",La Habra,California,City,62131
"Blaine, Minnesota, United States",Blaine,Minnesota,City,62124
"Auburn, Alabama, United States",Auburn,Alabama,City,62059
"Lake Elsinore, California, United States",Lake Elsinore,California,City,61981
"Carmichael, California, United States",Carmichael,California,City,61762
"Taylor, Michigan, United States",Taylor,Michigan,City,61568
"Burnsville, Minnesota, United States",Burnsville,Minnesota,City,61481
"Monterey Park, California, United States",Monterey Park,California,City,61468
"Castro Valley, California, United States",Castro Valley,California,City,61388
"Irvington, New Jersey, United States",Irvington,New Jersey,City,61323
"Rocklin, California, United States",Rocklin,California,City,61213
"Utica, New York, United States",Utica,New York,City,61100
"Malden, Massachusetts, United States",Malden,Massachusetts,City,61068
"National City, California, United States",National City,California,City,61060
"Financial District, New York, United States",Financial District,New York,City,60976
"Springfield, Oregon, United States",Springfield,Oregon,City,60870
"Bethesda, Maryland, United States",Bethesda,Maryland,City,60858
"Terre Haute, Indiana, United States",Terre Haute,Indiana,City,60825
"Vineland, New Jersey, United States",Vineland,New Jersey,City,60818
"West Hollywood, Florida, United States",West Hollywood,Florida,City,60806
"San Marcos, Texas, United States",San Marcos,Texas,City,60684
"Brentwood, New York, United States",Brentwood,New York,City,60664
"Lakeville, Minnesota, United States",Lakeville,Minnesota,City,60633
"West Allis, Wisconsin, United States",West Allis,Wisconsin,City,60620
"Redmond, Washington, United States",Redmond,Washington,City,60598
"Canoga Park, California, United States",Canoga Park,California,City,60578
"Cupertino, California, United States",Cupertino,California,City,60572
"Taylorsville, Utah, United States",Taylorsville,Utah,City,60514
"Bristol, Connecticut, United States",Bristol,Connecticut,City,60452
"Moore, Oklahoma, United States",Moore,Oklahoma,City,60451
"Gardena, California, United States",Gardena,California,City,60447
"Petaluma, California, United States",Petaluma,California,City,60438
"Bensalem, Pennsylvania, United States",Bensalem,Pennsylvania,City,60427
"Grand Junction, Colorado, United States",Grand Junction,Colorado,City,60358
"Casper, Wyoming, United States",Casper,Wyoming,City,60285
"Rowlett, Texas, United States",Rowlett,Texas,City,60236
"La Mesa, California, United States",La Mesa,California,City,60089
"Pine Hills, Florida, United States",Pine Hills,Florida,City,60076
"Bensonhurst, New York, United States",Bensonhurst,New York,City,60000
"Coney Island, New York, United States",Coney Island,New York,City,60000
"Rancho Penasquitos, California, United States",Rancho Penasquitos,California,City,60000
"Valley Glen, California, United States",Valley Glen,California,City,60000
"Meriden, Connecticut, United States",Meriden,Connecticut,City,59988
"Pontiac, Michigan, United States",Pontiac,Michigan,City,59917
"Port Orange, Florida, United States",Port Orange,Florida,City,59866
"Hamden, Connecticut, United States",Hamden,Connecticut,City,59847
"Lakewood, Washington, United States",Lakewood,Washington,City,59829
"Fountainebleau, Florida, United States",Fountainebleau,Florida,City,59764
"Saint Clair Shores, Michigan, United States",Saint Clair Shores,Michigan,City,59715
"Springfield, Ohio, United States",Springfield,Ohio,City,59680
"Great Falls, Montana, United States",Great Falls,Montana,City,59638
"Chapel Hill, North Carolina, United States",Chapel Hill,North Carolina,City,59568
"Canyon Country, California, United States",Canyon Country,California,City,59530
"Huntington Park, California, United States",Huntington Park,California,City,59430
"Lancaster, Pennsylvania, United States",Lancaster,Pennsylvania,City,59339
"Coconut Creek, Florida, United States",Coconut Creek,Florida,City,59302
"Idaho Falls, Idaho, United States",Idaho Falls,Idaho,City,59184
"San Rafael, California, United States",San Rafael,California,City,59162
"Noblesville, Indiana, United States",Noblesville,Indiana,City,59093
"Marietta, Georgia, United States",Marietta,Georgia,City,59067
"Fairfield, Connecticut, United States",Fairfield,Connecticut,City,59052
"Owensboro, Kentucky, United States",Owensboro,Kentucky,City,59042
"Eastvale, California, United States",Eastvale,California,City,59039
"Royal Oak, Michigan, United States",Royal Oak,Michigan,City,59008
"Brentwood, California, United States",Brentwood,California,City,58968
"Dubuque, Iowa, United States",Dubuque,Iowa,City,58799
"Brookline, Massachusetts, United States",Brookline,Massachusetts,City,58732
"Novi, Michigan, United States",Novi,Michigan,City,58723
"Des Plaines, Illinois, United States",Des Plaines,Illinois,City,58677
"Carson City, Nevada, United States",Carson City,Nevada,City,58639
"Orland Park, Illinois, United States",Orland Park,Illinois,City,58619
"Bartlett, Tennessee, United States",Bartlett,Tennessee,City,58579
"Woodland, California, United States",Woodland,California,City,58567
"Lehi, Utah, United States",Lehi,Utah,City,58486
"White Plains, New York, United States",White Plains,New York,City,58459
"Arcadia, California, United States",Arcadia,California,City,58408
"Reston, Virginia, United States",Reston,Virginia,City,58404
"Ocala, Florida, United States",Ocala,Florida,City,58218
"Clay, New York, United States",Clay,New York,City,58206
"Central City, Arizona, United States",Central City,Arizona,City,58161
"South Vineland, New Jersey, United States",South Vineland,New Jersey,City,58122
"Sanford, Florida, United States",Sanford,Florida,City,58111
"Bowie, Maryland, United States",Bowie,Maryland,City,58025
"Kokomo, Indiana, United States",Kokomo,Indiana,City,57995
"Wayne, New Jersey, United States",Wayne,New Jersey,City,57915
"Santee, California, United States",Santee,California,City,57787
"Dublin, California, United States",Dublin,California,City,57721
"Palm Harbor, Florida, United States",Palm Harbor,Florida,City,57439
"Medford, Massachusetts, United States",Medford,Massachusetts,City,57403
"Midwest City, Oklahoma, United States",Midwest City,Oklahoma,City,57249
"Center City, Pennsylvania, United States",Center City,Pennsylvania,City,57239
"Margate, Florida, United States",Margate,Florida,City,57234
"South Whittier, California, United States",South Whittier,California,City,57156
"Tinley Park, Illinois, United States",Tinley Park,Illinois,City,57143
"Pflugerville, Texas, United States",Pflugerville,Texas,City,57122
"New Brunswick, New Jersey, United States",New Brunswick,New Jersey,City,57035
"Grand Forks, North Dakota, United States",Grand Forks,North Dakota,City,57011
"Fountain Valley, California, United States",Fountain Valley,California,City,56987
"North Hills, California, United States",North Hills,California,City,56946
"Diamond Bar, California, United States",Diamond Bar,California,City,56897
"Taunton, Massachusetts, United States",Taunton,Massachusetts,City,56789
"Oak Lawn, Illinois, United States",Oak Lawn,Illinois,City,56781
"Union, New Jersey, United States",Union,New Jersey,City,56771
"Ankeny, Iowa, United States",Ankeny,Iowa,City,56764
"Chicopee, Massachusetts, United States",Chicopee,Massachusetts,City,56741
"Irving Park, Illinois, United States",Irving Park,Illinois,City,56520
"Berwyn, Illinois, United States",Berwyn,Illinois,City,56368
"Manhattan, Kansas, United States",Manhattan,Kansas,City,56308
"Kendale Lakes, Florida, United States",Kendale Lakes,Florida,City,56148
"Smyrna, Georgia, United States",Smyrna,Georgia,City,56146
"Dearborn Heights, Michigan, United States",Dearborn Heights,Michigan,City,56145
"Porterville, California, United States",Porterville,California,City,56058
"Piscataway, New Jersey, United States",Piscataway,New Jersey,City,56044
"Hendersonville, Tennessee, United States",Hendersonville,Tennessee,City,56018
"Morningside Heights, New York, United States",Morningside Heights,New York,City,55929
"Rocky Mount, North Carolina, United States",Rocky Mount,North Carolina,City,55806
"Corvallis, Oregon, United States",Corvallis,Oregon,City,55780
"Olympia, Washington, United States",Olympia,Washington,City,55733
"Valdosta, Georgia, United States",Valdosta,Georgia,City,55724
"Hanford, California, United States",Hanford,California,City,55659
"Castle Rock, Colorado, United States",Castle Rock,Colorado,City,55591
"Greenwood, Indiana, United States",Greenwood,Indiana,City,55586
"Chicago Lawn, Illinois, United States",Chicago Lawn,Illinois,City,55551
"Hempstead, New York, United States",Hempstead,New York,City,55547
"Novato, California, United States",Novato,California,City,55530
"Kettering, Ohio, United States",Kettering,Ohio,City,55525
"Bellevue, Nebraska, United States",Bellevue,Nebraska,City,55510
"Shoreline, Washington, United States",Shoreline,Washington,City,55439
"Decatur, Alabama, United States",Decatur,Alabama,City,55437
"Paramount, California, United States",Paramount,California,City,55412
"Port Arthur, Texas, United States",Port Arthur,Texas,City,55340
"Abington, Pennsylvania, United States",Abington,Pennsylvania,City,55310
"Anderson, Indiana, United States",Anderson,Indiana,City,55305
"Tamiami, Florida, United States",Tamiami,Florida,City,55271
"Towson, Maryland, United States",Towson,Maryland,City,55197
"North Chicopee, Massachusetts, United States",North Chicopee,Massachusetts,City,55179
"Uptown, Illinois, United States",Uptown,Illinois,City,55137
"Sarasota, Florida, United States",Sarasota,Florida,City,55118
"Cypress Hills, New York, United States",Cypress Hills,New York,City,54944
"West Haven, Connecticut, United States",West Haven,Connecticut,City,54927
"Rosemead, California, United States",Rosemead,California,City,54908
"Edgewater, Illinois, United States",Edgewater,Illinois,City,54873
"Jackson, New Jersey, United States",Jackson,New Jersey,City,54856
"Highland, California, United States",Highland,California,City,54854
"Mount Prospect, Illinois, United States",Mount Prospect,Illinois,City,54747
"Colton, California, United States",Colton,California,City,54621
"Encanto, Arizona, United States",Encanto,Arizona,City,54614
"Pocatello, Idaho, United States",Pocatello,Idaho,City,54441
"Bradenton, Florida, United States",Bradenton,Florida,City,54437
"Rogers Park, Illinois, United States",Rogers Park,Illinois,City,54402
"Weymouth, Massachusetts, United States",Weymouth,Massachusetts,City,54395
"Port Charlotte, Florida, United States",Port Charlotte,Florida,City,54392
"Normal, Illinois, United States",Normal,Illinois,City,54373
"Spring, Texas, United States",Spring,Texas,City,54298
"Allapattah, Florida, United States",Allapattah,Florida,City,54289
"Richland, Washington, United States",Richland,Washington,City,54248
"Euless, Texas, United States",Euless,Texas,City,54219
"Blue Springs, Missouri, United States",Blue Springs,Missouri,City,54148
"East Pensacola Heights, Florida, United States",East Pensacola Heights,Florida,City,54104
"Hacienda Heights, California, United States",Hacienda Heights,California,City,54038
"Ozone Park, New York, United States",Ozone Park,New York,City,53985
"Briarwood, New York, United States",Briarwood,New York,City,53877
"Cathedral City, California, United States",Cathedral City,California,City,53826
"Lakewood, New Jersey, United States",Lakewood,New Jersey,City,53805
"Elyria, Ohio, United States",Elyria,Ohio,City,53775
"Pensacola, Florida, United States",Pensacola,Florida,City,53724
"Wheaton, Illinois, United States",Wheaton,Illinois,City,53715
"Commerce City, Colorado, United States",Commerce City,Colorado,City,53696
"Hoboken, New Jersey, United States",Hoboken,New Jersey,City,53635
"Watsonville, California, United States",Watsonville,California,City,53628
"Lake Havasu City, Arizona, United States",Lake Havasu City,Arizona,City,53553
"Little Havana, Florida, United States",Little Havana,Florida,City,53430
"Revere, Massachusetts, United States",Revere,Massachusetts,City,53422
"West New York, New Jersey, United States",West New York,New Jersey,City,53366
"Yucaipa, California, United States",Yucaipa,California,City,53328
"Gilroy, California, United States",Gilroy,California,City,53231
"Poinciana, Florida, United States",Poinciana,Florida,City,53193
"University of Texas, Texas, United States",University of Texas,Texas,City,53082
"Kingsport, Tennessee, United States",Kingsport,Tennessee,City,53014
"Levittown, Pennsylvania, United States",Levittown,Pennsylvania,City,52983
"Palm Beach Gardens, Florida, United States",Palm Beach Gardens,Florida,City,52923
"Milford, Connecticut, United States",Milford,Connecticut,City,52759
"Delano, California, United States",Delano,California,City,52733
"West Sacramento, California, United States",West Sacramento,California,City,52721
"Huntersville, North Carolina, United States",Huntersville,North Carolina,City,52704
"Perth Amboy, New Jersey, United States",Perth Amboy,New Jersey,City,52682
"Sherman Oaks, California, United States",Sherman Oaks,California,City,52677
"Southaven, Mississippi, United States",Southaven,Mississippi,City,52589
"Saint Peters, Missouri, United States",Saint Peters,Missouri,City,52575
"Harrisonburg, Virginia, United States",Harrisonburg,Virginia,City,52538
"Peabody, Massachusetts, United States",Peabody,Massachusetts,City,52504
"Placentia, California, United States",Placentia,California,City,52495
"Lenexa, Kansas, United States",Lenexa,Kansas,City,52490
"DeSoto, Texas, United States",DeSoto,Texas,City,52486
"Burlington, North Carolina, United States",Burlington,North Carolina,City,52472
"South Hill, Washington, United States",South Hill,Washington,City,52431
"Elkhart, Indiana, United States",Elkhart,Indiana,City,52348
"La Crosse, Wisconsin, United States",La Crosse,Wisconsin,City,52306
"Oak Park, Illinois, United States",Oak Park,Illinois,City,52287
"Florissant, Missouri, United States",Florissant,Missouri,City,52268
"Sammamish, Washington, United States",Sammamish,Washington,City,52253
"Wakefield, New York, United States",Wakefield,New York,City,52201
"Albany, Oregon, United States",Albany,Oregon,City,52175
"Hoffman Estates, Illinois, United States",Hoffman Estates,Illinois,City,52138
"Albany Park, Illinois, United States",Albany Park,Illinois,City,52079
"Methuen, Massachusetts, United States",Methuen,Massachusetts,City,52044
"Glendora, California, United States",Glendora,California,City,52009
"Wilmington, California, United States",Wilmington,California,City,52000
"Queens Village, New York, United States",Queens Village,New York,City,51919
"Brookhaven, Georgia, United States",Brookhaven,Georgia,City,51910
"Levittown, New York, United States",Levittown,New York,City,51881
"Palm Desert, California, United States",Palm Desert,California,City,51869
"Joplin, Missouri, United States",Joplin,Missouri,City,51818
"Enid, Oklahoma, United States",Enid,Oklahoma,City,51776
"Bonita Springs, Florida, United States",Bonita Springs,Florida,City,51704
"Irondequoit, New York, United States",Irondequoit,New York,City,51692
"Caldwell, Idaho, United States",Caldwell,Idaho,City,51686
"Minnetonka, Minnesota, United States",Minnetonka,Minnesota,City,51669
"Pinellas Park, Florida, United States",Pinellas Park,Florida,City,51617
"Battle Creek, Michigan, United States",Battle Creek,Michigan,City,51589
"Casa Grande, Arizona, United States",Casa Grande,Arizona,City,51460
"South Shore, Illinois, United States",South Shore,Illinois,City,51451
"Mott Haven, New York, United States",Mott Haven,New York,City,51450
"The Villages, Florida, United States",The Villages,Florida,City,51442
"Grand Island, Nebraska, United States",Grand Island,Nebraska,City,51440
"Grapevine, Texas, United States",Grapevine,Texas,City,51404
"Stratford, Connecticut, United States",Stratford,Connecticut,City,51384
"Kentwood, Michigan, United States",Kentwood,Michigan,City,51357
"City of Milford (balance), Connecticut, United States",City of Milford (balance),Connecticut,City,51271
"Tigard, Oregon, United States",Tigard,Oregon,City,51253
"East Hartford, Connecticut, United States",East Hartford,Connecticut,City,51252
"Apple Valley, Minnesota, United States",Apple Valley,Minnesota,City,51221
"Plainfield, New Jersey, United States",Plainfield,New Jersey,City,51217
"Leesburg, Virginia, United States",Leesburg,Virginia,City,51209
"Parsippany, New Jersey, United States",Parsippany,New Jersey,City,51144
"Coral Gables, Florida, United States",Coral Gables,Florida,City,51117
"The Hammocks, Florida, United States",The Hammocks,Florida,City,51003
"Buckeye, Arizona, United States",Buckeye,Arizona,City,50876
"Flagami, Florida, United States",Flagami,Florida,City,50834
"Catalina Foothills, Arizona, United States",Catalina Foothills,Arizona,City,50796
"Lakewood, Ohio, United States",Lakewood,Ohio,City,50656
"North La Crosse, Wisconsin, United States",North La Crosse,Wisconsin,City,50470
"Burien, Washington, United States",Burien,Washington,City,50467
"Logan, Utah, United States",Logan,Utah,City,50371
"South Peabody, Massachusetts, United States",South Peabody,Massachusetts,City,50293
"Aliso Viejo, California, United States",Aliso Viejo,California,City,50195
"Harrisburg, Pennsylvania, United States",Harrisburg,Pennsylvania,City,50183
"Galveston, Texas, United States",Galveston,Texas,City,50180
"Poway, California, United States",Poway,California,City,50157
"Edina, Minnesota, United States",Edina,Minnesota,City,50138
"Minnetonka Mills, Minnesota, United States",Minnetonka Mills,Minnesota,City,50117
"Stonecrest, Georgia, United States",Stonecrest,Georgia,City,50000
"Cerritos, California, United States",Cerritos,California,City,49975
"Redford, Michigan, United States",Redford,Michigan,City,49936
"East Honolulu, Hawaii, United States",East Honolulu,Hawaii,City,49914
"Troy, New York, United States",Troy,New York,City,49906
"Sunnyside, New York, United States",Sunnyside,New York,City,49833
"Lincoln, California, United States",Lincoln,California,City,49757
"Wharton, Pennsylvania, United States",Wharton,Pennsylvania,City,49732
"Whitman, Pennsylvania, United States",Whitman,Pennsylvania,City,49732
"Downers Grove, Illinois, United States",Downers Grove,Illinois,City,49732
"Azusa, California, United States",Azusa,California,City,49690
"Wilson, North Carolina, United States",Wilson,North Carolina,City,49643
"Monroe, Louisiana, United States",Monroe,Louisiana,City,49598
"Parker, Colorado, United States",Parker,Colorado,City,49550
"La Mirada, California, United States",La Mirada,California,City,49520
"Minot, North Dakota, United States",Minot,North Dakota,City,49450
"Aloha, Oregon, United States",Aloha,Oregon,City,49425
"Saginaw, Michigan, United States",Saginaw,Michigan,City,49347
"Bedford, Texas, United States",Bedford,Texas,City,49337
"Rancho Santa Margarita, California, United States",Rancho Santa Margarita,California,City,49324
"Cypress, California, United States",Cypress,California,City,49290
"Murray, Utah, United States",Murray,Utah,City,49250
"Cuyahoga Falls, Ohio, United States",Cuyahoga Falls,Ohio,City,49146
"Coeur d'Alene, Idaho, United States",Coeur d'Alene,Idaho,City,49122
"Bloomfield, New Jersey, United States",Bloomfield,New Jersey,City,49120
"Rowland Heights, California, United States",Rowland Heights,California,City,48993
"Covina, California, United States",Covina,California,City,48984
"Stillwater, Oklahoma, United States",Stillwater,Oklahoma,City,48967
"Niagara Falls, New York, United States",Niagara Falls,New York,City,48916
"Collierville, Tennessee, United States",Collierville,Tennessee,City,48863
"Oxford Circle, Pennsylvania, United States",Oxford Circle,Pennsylvania,City,48856
"Summerville, South Carolina, United States",Summerville,South Carolina,City,48848
"South Bel Air, Maryland, United States",South Bel Air,Maryland,City,48828
"Sheboygan, Wisconsin, United States",Sheboygan,Wisconsin,City,48797
"Middletown, Ohio, United States",Middletown,Ohio,City,48760
"Aspen Hill, Maryland, United States",Aspen Hill,Maryland,City,48759
"Dunwoody, Georgia, United States",Dunwoody,Georgia,City,48733
"Huntington, West Virginia, United States",Huntington,West Virginia,City,48638
"Maricopa, Arizona, United States",Maricopa,Arizona,City,48602
"Roswell, New Mexico, United States",Roswell,New Mexico,City,48544
"Cedar Hill, Texas, United States",Cedar Hill,Texas,City,48507
"East Brunswick, New Jersey, United States",East Brunswick,New Jersey,City,48495
"East Lansing, Michigan, United States",East Lansing,Michigan,City,48471
"Apopka, Florida, United States",Apopka,Florida,City,48382
"Maspeth, New York, United States",Maspeth,New York,City,48325
"Wheaton, Maryland, United States",Wheaton,Maryland,City,48284
"Mishawaka, Indiana, United States",Mishawaka,Indiana,City,48261
"Portage, Michigan, United States",Portage,Michigan,City,48177
"West Orange, New Jersey, United States",West Orange,New Jersey,City,48131
"McLean, Virginia, United States",McLean,Virginia,City,48115
"Newark, Ohio, United States",Newark,Ohio,City,47986
"Ceres, California, United States",Ceres,California,City,47963
"Alexandria, Louisiana, United States",Alexandria,Louisiana,City,47889
"Chesterfield, Missouri, United States",Chesterfield,Missouri,City,47864
"Barnstable, Massachusetts, United States",Barnstable,Massachusetts,City,47821
"Salina, Kansas, United States",Salina,Kansas,City,47813
"Lawrence, Indiana, United States",Lawrence,Indiana,City,47809
"Bel Air South, Maryland, United States",Bel Air South,Maryland,City,47709
"Pearl City, Hawaii, United States",Pearl City,Hawaii,City,47698
"Euclid, Ohio, United States",Euclid,Ohio,City,47676
"Roseville, Michigan, United States",Roseville,Michigan,City,47637
"Texas City, Texas, United States",Texas City,Texas,City,47618
"Wauwatosa, Wisconsin, United States",Wauwatosa,Wisconsin,City,47614
"Vermont Square, California, United States",Vermont Square,California,City,47555
"Florin, California, United States",Florin,California,City,47513
"Twin Falls, Idaho, United States",Twin Falls,Idaho,City,47468
"Glenview, Illinois, United States",Glenview,Illinois,City,47446
"East Providence, Rhode Island, United States",East Providence,Rhode Island,City,47408
"Palm Springs, California, United States",Palm Springs,California,City,47371
"San Luis Obispo, California, United States",San Luis Obispo,California,City,47339
"Mission District, California, United States",Mission District,California,City,47234
"Country Club, Florida, United States",Country Club,Florida,City,47105
"Gwynn Oak, Maryland, United States",Gwynn Oak,Maryland,City,47092
"Winnetka, California, United States",Winnetka,California,City,47000
"Madison, Alabama, United States",Madison,Alabama,City,46962
"Jeffersonville, Indiana, United States",Jeffersonville,Indiana,City,46960
"San Jacinto, California, United States",San Jacinto,California,City,46951
"Mentor, Ohio, United States",Mentor,Ohio,City,46901
"Charleston, West Virginia, United States",Charleston,West Virginia,City,46838
"Mansfield, Ohio, United States",Mansfield,Ohio,City,46830
"Hattiesburg, Mississippi, United States",Hattiesburg,Mississippi,City,46805
"Draper, Utah, United States",Draper,Utah,City,46774
"Middletown, Connecticut, United States",Middletown,Connecticut,City,46756
"Wylie, Texas, United States",Wylie,Texas,City,46708
"Columbus, Indiana, United States",Columbus,Indiana,City,46690
"Laguna, California, United States",Laguna,California,City,46621
"Smyrna, Tennessee, United States",Smyrna,Tennessee,City,46607
"Charlottesville, Virginia, United States",Charlottesville,Virginia,City,46597
"Lacey, Washington, United States",Lacey,Washington,City,46409
"Makakilo / Kapolei / Honokai Hale, Hawaii, United States",Makakilo / Kapolei / Honokai Hale,Hawaii,City,46389
"Littleton, Colorado, United States",Littleton,Colorado,City,46368
"Beavercreek, Ohio, United States",Beavercreek,Ohio,City,46277
"Kannapolis, North Carolina, United States",Kannapolis,North Carolina,City,46144
"Everett, Massachusetts, United States",Everett,Massachusetts,City,46050
"Binghamton, New York, United States",Binghamton,New York,City,46032
"Brighton, Massachusetts, United States",Brighton,Massachusetts,City,45977
"Elmhurst, Illinois, United States",Elmhurst,Illinois,City,45957
"Hell's Kitchen, New York, United States",Hell's Kitchen,New York,City,45884
"Auburn Gresham, Illinois, United States",Auburn Gresham,Illinois,City,45842
"City of Sammamish, Washington, United States",City of Sammamish,Washington,City,45780
"Antelope, California, United States",Antelope,California,City,45770
"Keller, Texas, United States",Keller,Texas,City,45758
"Biloxi, Mississippi, United States",Biloxi,Mississippi,City,45637
"Apex, North Carolina, United States",Apex,North Carolina,City,45585
"West Lafayette, Indiana, United States",West Lafayette,Indiana,City,45550
"Cutler Bay, Florida, United States",Cutler Bay,Florida,City,45425
"Titusville, Florida, United States",Titusville,Florida,City,45393
"Altoona, Pennsylvania, United States",Altoona,Pennsylvania,City,45344
"Newark, California, United States",Newark,California,City,45336
"Oro Valley, Arizona, United States",Oro Valley,Arizona,City,45303
"Saint Louis Park, Minnesota, United States",Saint Louis Park,Minnesota,City,45250
"Enfield, Connecticut, United States",Enfield,Connecticut,City,45212
"Dublin, Ohio, United States",Dublin,Ohio,City,45098
"Tuckahoe, Virginia, United States",Tuckahoe,Virginia,City,44990
"Potomac, Maryland, United States",Potomac,Maryland,City,44965
"Cleveland Heights, Ohio, United States",Cleveland Heights,Ohio,City,44962
"Sayreville, New Jersey, United States",Sayreville,New Jersey,City,44920
"Hackensack, New Jersey, United States",Hackensack,New Jersey,City,44834
"Pine Bluff, Arkansas, United States",Pine Bluff,Arkansas,City,44772
"West Seneca, New York, United States",West Seneca,New York,City,44711
"Strongsville, Ohio, United States",Strongsville,Ohio,City,44668
"Coachella, California, United States",Coachella,California,City,44635
"Penn Hills, Pennsylvania, United States",Penn Hills,Pennsylvania,City,44610
"Encino, California, United States",Encino,California,City,44581
"Bentonville, Arkansas, United States",Bentonville,Arkansas,City,44499
"Fort Pierce, Florida, United States",Fort Pierce,Florida,City,44484
"Bridgewater, New Jersey, United States",Bridgewater,New Jersey,City,44464
"Danville, California, United States",Danville,California,City,44400
"Oakland Park, Florida, United States",Oakland Park,Florida,City,44319
"Attleboro, Massachusetts, United States",Attleboro,Massachusetts,City,44284
"Severn, Maryland, United States",Severn,Maryland,City,44231
"Blacksburg, Virginia, United States",Blacksburg,Virginia,City,44215
"Haltom City, Texas, United States",Haltom City,Texas,City,44206
"Brighton Park, Illinois, United States",Brighton Park,Illinois,City,44202
"Lompoc, California, United States",Lompoc,California,City,44164
"Wesley Chapel, Florida, United States",Wesley Chapel,Florida,City,44092
"Urbandale, Iowa, United States",Urbandale,Iowa,City,44062
"York, Pennsylvania, United States",York,Pennsylvania,City,43992
"Concord, New Hampshire, United States",Concord,New Hampshire,City,43976
"North Miami Beach, Florida, United States",North Miami Beach,Florida,City,43971
"El Centro, California, United States",El Centro,California,City,43956
"Rego Park, New York, United States",Rego Park,New York,City,43925
"North Brunswick, New Jersey, United States",North Brunswick,New Jersey,City,43905
"Cleveland, Tennessee, United States",Cleveland,Tennessee,City,43898
"Echo Park, California, United States",Echo Park,California,City,43832
"North Bethesda, Maryland, United States",North Bethesda,Maryland,City,43828
"Beaumont, California, United States",Beaumont,California,City,43811
"Kalihi-Palama, Hawaii, United States",Kalihi-Palama,Hawaii,City,43805
"Lombard, Illinois, United States",Lombard,Illinois,City,43797
"Bountiful, Utah, United States",Bountiful,Utah,City,43784
"North Lauderdale, Florida, United States",North Lauderdale,Florida,City,43703
"Burleson, Texas, United States",Burleson,Texas,City,43625
"Ocoee, Florida, United States",Ocoee,Florida,City,43608
"Ashburn, Virginia, United States",Ashburn,Virginia,City,43511
"Augusta, Georgia, United States",Augusta,Georgia,City,43459
"Bozeman, Montana, United States",Bozeman,Montana,City,43405
"Sierra Vista, Arizona, United States",Sierra Vista,Arizona,City,43355
"Freeport, New York, United States",Freeport,New York,City,43334
"Pittsfield, Massachusetts, United States",Pittsfield,Massachusetts,City,43303
"Hilo, Hawaii, United States",Hilo,Hawaii,City,43263
"West Babylon, New York, United States",West Babylon,New York,City,43213
"DeKalb, Illinois, United States",DeKalb,Illinois,City,43211
"San Bruno, California, United States",San Bruno,California,City,43185
"Altamonte Springs, Florida, United States",Altamonte Springs,Florida,City,43159
"Bell Gardens, California, United States",Bell Gardens,California,City,43106
"Schertz, Texas, United States",Schertz,Texas,City,43091
"East Boston, Massachusetts, United States",East Boston,Massachusetts,City,43066
"Morgan Hill, California, United States",Morgan Hill,California,City,42948
"Bothell, Washington, United States",Bothell,Washington,City,42939
"Fond du Lac, Wisconsin, United States",Fond du Lac,Wisconsin,City,42933
"Sicklerville, New Jersey, United States",Sicklerville,New Jersey,City,42891
"Sayreville Junction, New Jersey, United States",Sayreville Junction,New Jersey,City,42890
"Farmington, New Mexico, United States",Farmington,New Mexico,City,42871
"Salem, Massachusetts, United States",Salem,Massachusetts,City,42869
"Arlington, Massachusetts, United States",Arlington,Massachusetts,City,42844
"La Jolla, California, United States",La Jolla,California,City,42808
"Altadena, California, United States",Altadena,California,City,42777
"Fairfield, Ohio, United States",Fairfield,Ohio,City,42767
"Ashburn, Illinois, United States",Ashburn,Illinois,City,42752
"Rancho Palos Verdes, California, United States",Rancho Palos Verdes,California,City,42732
"North Highlands, California, United States",North Highlands,California,City,42694
"Moline, Illinois, United States",Moline,Illinois,City,42681
"East Concord, New Hampshire, United States",East Concord,New Hampshire,City,42605
"Jefferson City, Missouri, United States",Jefferson City,Missouri,City,42595
"Henrietta, New York, United States",Henrietta,New York,City,42581
"Rockwall, Texas, United States",Rockwall,Texas,City,42566
"Plainfield, Illinois, United States",Plainfield,Illinois,City,42527
"Burlington, Vermont, United States",Burlington,Vermont,City,42452
"Rohnert Park, California, United States",Rohnert Park,California,City,42407
"Urbana, Illinois, United States",Urbana,Illinois,City,42311
"Southglenn, Colorado, United States",Southglenn,Colorado,City,42268
"Midland, Michigan, United States",Midland,Michigan,City,42200
"Prescott Valley, Arizona, United States",Prescott Valley,Arizona,City,42197
"Joint Base Pearl Harbor Hickam, Hawaii, United States",Joint Base Pearl Harbor Hickam,Hawaii,City,42184
"State College, Pennsylvania, United States",State College,Pennsylvania,City,42161
"Kearny, New Jersey, United States",Kearny,New Jersey,City,42137
"El Dorado Hills, California, United States",El Dorado Hills,California,City,42108
"Danville, Virginia, United States",Danville,Virginia,City,42082
"Belleville, Illinois, United States",Belleville,Illinois,City,42034
"Linden, New Jersey, United States",Linden,New Jersey,City,42021
"Moorhead, Minnesota, United States",Moorhead,Minnesota,City,42005
"Woodside, New York, United States",Woodside,New York,City,41981
"Brea, California, United States",Brea,California,City,41944
"Riverton, Utah, United States",Riverton,Utah,City,41900
"Prescott, Arizona, United States",Prescott,Arizona,City,41899
"Mount Laurel, New Jersey, United States",Mount Laurel,New Jersey,City,41864
"The Colony, Texas, United States",The Colony,Texas,City,41779
"Manassas, Virginia, United States",Manassas,Virginia,City,41764
"Brentwood, Tennessee, United States",Brentwood,Tennessee,City,41763
"Westfield, Massachusetts, United States",Westfield,Massachusetts,City,41690
"Hutchinson, Kansas, United States",Hutchinson,Kansas,City,41569
"Leominster, Massachusetts, United States",Leominster,Massachusetts,City,41569
"Catonsville, Maryland, United States",Catonsville,Maryland,City,41567
"Hicksville, New York, United States",Hicksville,New York,City,41547
"Bartlett, Illinois, United States",Bartlett,Illinois,City,41545
"Buffalo Grove, Illinois, United States",Buffalo Grove,Illinois,City,41496
"Woonsocket, Rhode Island, United States",Woonsocket,Rhode Island,City,41475
"West Hills, California, United States",West Hills,California,City,41426
"Edmonds, Washington, United States",Edmonds,Washington,City,41375
"Marana, Arizona, United States",Marana,Arizona,City,41315
"Shelton, Connecticut, United States",Shelton,Connecticut,City,41296
"Cedar Falls, Iowa, United States",Cedar Falls,Iowa,City,41255
"Chatsworth, California, United States",Chatsworth,California,City,41255
"Gage Park, Illinois, United States",Gage Park,Illinois,City,41202
"Beverly, Massachusetts, United States",Beverly,Massachusetts,City,41186
"University, Florida, United States",University,Florida,City,41163
"Coppell, Texas, United States",Coppell,Texas,City,41159
"Findlay, Ohio, United States",Findlay,Ohio,City,41149
"Campbell, California, United States",Campbell,California,City,41117
"Lake Ridge, Virginia, United States",Lake Ridge,Virginia,City,41058
"Burke, Virginia, United States",Burke,Virginia,City,41055
"Mankato, Minnesota, United States",Mankato,Minnesota,City,41044
"Annandale, Virginia, United States",Annandale,Virginia,City,41008
"Covington, Kentucky, United States",Covington,Kentucky,City,40997
"New City, Illinois, United States",New City,Illinois,City,40997
"Morris Heights, New York, United States",Morris Heights,New York,City,40982
"Peachtree Corners, Georgia, United States",Peachtree Corners,Georgia,City,40978
"South Valley, New Mexico, United States",South Valley,New Mexico,City,40976
"Ormond Beach, Florida, United States",Ormond Beach,Florida,City,40970
"Carrollwood Village, Florida, United States",Carrollwood Village,Florida,City,40949
"Huntsville, Texas, United States",Huntsville,Texas,City,40938
"Venice, California, United States",Venice,California,City,40885
"Sumter, South Carolina, United States",Sumter,South Carolina,City,40816
"Annapolis, Maryland, United States",Annapolis,Maryland,City,40812
"Quincy, Illinois, United States",Quincy,Illinois,City,40780
"Wilkes-Barre, Pennsylvania, United States",Wilkes-Barre,Pennsylvania,City,40780
"Lincoln Square, Illinois, United States",Lincoln Square,Illinois,City,40761
"La Puente, California, United States",La Puente,California,City,40745
"Holyoke, Massachusetts, United States",Holyoke,Massachusetts,City,40684
"Sherman, Texas, United States",Sherman,Texas,City,40667
"Goose Creek, South Carolina, United States",Goose Creek,South Carolina,City,40633
"Maplewood, Minnesota, United States",Maplewood,Minnesota,City,40567
"Streamwood, Illinois, United States",Streamwood,Illinois,City,40554
"Fitchburg, Massachusetts, United States",Fitchburg,Massachusetts,City,40545
"Hilton Head Island, South Carolina, United States",Hilton Head Island,South Carolina,City,40512
"La Quinta, California, United States",La Quinta,California,City,40476
"Crystal Lake, Illinois, United States",Crystal Lake,Illinois,City,40448
"Hagerstown, Maryland, United States",Hagerstown,Maryland,City,40432
"San Gabriel, California, United States",San Gabriel,California,City,40424
"Hickory, North Carolina, United States",Hickory,North Carolina,City,40374
"Beverly Cove, Massachusetts, United States",Beverly Cove,Massachusetts,City,40365
"Winter Garden, Florida, United States",Winter Garden,Florida,City,40356
"Carol Stream, Illinois, United States",Carol Stream,Illinois,City,40356
"Warren, Ohio, United States",Warren,Ohio,City,40245
"Marlboro, New Jersey, United States",Marlboro,New Jersey,City,40191
"Teaneck, New Jersey, United States",Teaneck,New Jersey,City,40078
"Calexico, California, United States",Calexico,California,City,40053
"Florence, Alabama, United States",Florence,Alabama,City,40026
"St. Johns, Florida, United States",St. Johns,Florida,City,40000
"Shakopee, Minnesota, United States",Shakopee,Minnesota,City,39981
"Billerica, Massachusetts, United States",Billerica,Massachusetts,City,39904
"Norwich, Connecticut, United States",Norwich,Connecticut,City,39899
"Amherst, Massachusetts, United States",Amherst,Massachusetts,City,39833
"Duncanville, Texas, United States",Duncanville,Texas,City,39826
"New Berlin, Wisconsin, United States",New Berlin,Wisconsin,City,39825
"Marlborough, Massachusetts, United States",Marlborough,Massachusetts,City,39818
"Oakley, California, United States",Oakley,California,City,39813
"Lancaster, Ohio, United States",Lancaster,Ohio,City,39766
"Sawtelle, California, United States",Sawtelle,California,City,39757
"Avondale, Illinois, United States",Avondale,Illinois,City,39721
"Romeoville, Illinois, United States",Romeoville,Illinois,City,39719
"Culver City, California, United States",Culver City,California,City,39717
"Montclair, New Jersey, United States",Montclair,New Jersey,City,39701
"Meridian, Mississippi, United States",Meridian,Mississippi,City,39661
"Puyallup, Washington, United States",Puyallup,Washington,City,39659
"Woburn, Massachusetts, United States",Woburn,Massachusetts,City,39555
"Bremerton, Washington, United States",Bremerton,Washington,City,39520
"Hallandale Beach, Florida, United States",Hallandale Beach,Florida,City,39488
"Clovis, New Mexico, United States",Clovis,New Mexico,City,39480
"Weslaco, Texas, United States",Weslaco,Texas,City,39474
"Cape Girardeau, Missouri, United States",Cape Girardeau,Missouri,City,39462
"Bullhead City, Arizona, United States",Bullhead City,Arizona,City,39445
"North Fort Myers, Florida, United States",North Fort Myers,Florida,City,39407
"Dover, Delaware, United States",Dover,Delaware,City,39403
"Chelsea, Massachusetts, United States",Chelsea,Massachusetts,City,39398
"Grove City, Ohio, United States",Grove City,Ohio,City,39388
"Princeton, Florida, United States",Princeton,Florida,City,39308
"Essex, Maryland, United States",Essex,Maryland,City,39262
"Atlantic City, New Jersey, United States",Atlantic City,New Jersey,City,39260
"Pacifica, California, United States",Pacifica,California,City,39260
"Germantown, Tennessee, United States",Germantown,Tennessee,City,39240
"Northglenn, Colorado, United States",Northglenn,Colorado,City,39197
"Far Rockaway, New York, United States",Far Rockaway,New York,City,39189
"Olney, Pennsylvania, United States",Olney,Pennsylvania,City,39154
"Kensington, New York, United States",Kensington,New York,City,39120
"Coram, New York, United States",Coram,New York,City,39113
"Wausau, Wisconsin, United States",Wausau,Wisconsin,City,39094
"Hurst, Texas, United States",Hurst,Texas,City,39016
"Stanton, California, United States",Stanton,California,City,38872
"Aliamanu / Salt Lakes / Foster Village, Hawaii, United States",Aliamanu / Salt Lakes / Foster Village,Hawaii,City,38833
"Lancaster, Texas, United States",Lancaster,Texas,City,38801
"Friendswood, Texas, United States",Friendswood,Texas,City,38800
"Gainesville, Georgia, United States",Gainesville,Georgia,City,38712
"The Acreage, Florida, United States",The Acreage,Florida,City,38704
"West Oak Lane, Pennsylvania, United States",West Oak Lane,Pennsylvania,City,38699
"Montclair, California, United States",Montclair,California,City,38690
"Kailua, Hawaii, United States",Kailua,Hawaii,City,38635
"Rock Island, Illinois, United States",Rock Island,Illinois,City,38620
"Whitney, Nevada, United States",Whitney,Nevada,City,38585
"Oviedo, Florida, United States",Oviedo,Florida,City,38551
"Carpentersville, Illinois, United States",Carpentersville,Illinois,City,38512
"Manhattan Valley, New York, United States",Manhattan Valley,New York,City,38500
"Lake Oswego, Oregon, United States",Lake Oswego,Oregon,City,38496
"Muskogee, Oklahoma, United States",Muskogee,Oklahoma,City,38456
"Hobbs, New Mexico, United States",Hobbs,New Mexico,City,38416
"Muskegon, Michigan, United States",Muskegon,Michigan,City,38401
"Westerville, Ohio, United States",Westerville,Ohio,City,38384
"Little Elm, Texas, United States",Little Elm,Texas,City,38341
"Hanover Park, Illinois, United States",Hanover Park,Illinois,City,38333
"Hillsborough, New Jersey, United States",Hillsborough,New Jersey,City,38303
"Channelview, Texas, United States",Channelview,Texas,City,38289
"Panama City, Florida, United States",Panama City,Florida,City,38286
"Florence, South Carolina, United States",Florence,South Carolina,City,38228
"Waipahu, Hawaii, United States",Waipahu,Hawaii,City,38216
"Wake Forest, North Carolina, United States",Wake Forest,North Carolina,City,38199
"Huber Heights, Ohio, United States",Huber Heights,Ohio,City,38176
"Martinez, California, United States",Martinez,California,City,38137
"East Meadow, New York, United States",East Meadow,New York,City,38132
"Hanover, Maryland, United States",Hanover,Maryland,City,38088
"Wheeling, Illinois, United States",Wheeling,Illinois,City,38079
"Apache Junction, Arizona, United States",Apache Junction,Arizona,City,38074
"Pleasant Grove, Utah, United States",Pleasant Grove,Utah,City,38052
"Brookfield, Wisconsin, United States",Brookfield,Wisconsin,City,38025
"Delaware, Ohio, United States",Delaware,Ohio,City,37995
"Roy, Utah, United States",Roy,Utah,City,37964
"Valley Stream, New York, United States",Valley Stream,New York,City,37962
"Spanish Fork, Utah, United States",Spanish Fork,Utah,City,37935
"Keizer, Oregon, United States",Keizer,Oregon,City,37895
"Leander, Texas, United States",Leander,Texas,City,37889
"Woodlawn, Maryland, United States",Woodlawn,Maryland,City,37879
"Lima, Ohio, United States",Lima,Ohio,City,37873
"Spartanburg, South Carolina, United States",Spartanburg,South Carolina,City,37867
"Hermitage, Tennessee, United States",Hermitage,Tennessee,City,37814
"Park Ridge, Illinois, United States",Park Ridge,Illinois,City,37757
"Fenway/Kenmore, Massachusetts, United States",Fenway/Kenmore,Massachusetts,City,37733
"Winter Haven, Florida, United States",Winter Haven,Florida,City,37689
"Aventura, Florida, United States",Aventura,Florida,City,37649
"Severna Park, Maryland, United States",Severna Park,Maryland,City,37634
"Royal Palm Beach, Florida, United States",Royal Palm Beach,Florida,City,37633
"Brighton, Colorado, United States",Brighton,Colorado,City,37585
"Phenix City, Alabama, United States",Phenix City,Alabama,City,37570
"Milton, Georgia, United States",Milton,Georgia,City,37547
"Sun City, Arizona, United States",Sun City,Arizona,City,37499
"Lake Worth Beach, Florida, United States",Lake Worth Beach,Florida,City,37498
"Kew Gardens Hills, New York, United States",Kew Gardens Hills,New York,City,37479
"Jamaica Plain, Massachusetts, United States",Jamaica Plain,Massachusetts,City,37468
"Monrovia, California, United States",Monrovia,California,City,37463
"Hollister, California, United States",Hollister,California,City,37462
"Los Banos, California, United States",Los Banos,California,City,37457
"Sewell, New Jersey, United States",Sewell,New Jersey,City,37433
"Plant City, Florida, United States",Plant City,Florida,City,37406
"Greenfield, Wisconsin, United States",Greenfield,Wisconsin,City,37349
"Marion, Iowa, United States",Marion,Iowa,City,37330
"Braintree, Massachusetts, United States",Braintree,Massachusetts,City,37297
"Newnan, Georgia, United States",Newnan,Georgia,City,37291
"Texarkana, Texas, United States",Texarkana,Texas,City,37280
"Addison, Illinois, United States",Addison,Illinois,City,37208
"Reynoldsburg, Ohio, United States",Reynoldsburg,Ohio,City,37158
"South Jordan Heights, Utah, United States",South Jordan Heights,Utah,City,37141
"Odenton, Maryland, United States",Odenton,Maryland,City,37132
"Mableton, Georgia, United States",Mableton,Georgia,City,37115
"Hilton Head, South Carolina, United States",Hilton Head,South Carolina,City,37099
"Grants Pass, Oregon, United States",Grants Pass,Oregon,City,37088
"Indian Trail, North Carolina, United States",Indian Trail,North Carolina,City,37073
"Calumet City, Illinois, United States",Calumet City,Illinois,City,37031
"Lincoln Park, Michigan, United States",Lincoln Park,Michigan,City,37012
"Lynnwood, Washington, United States",Lynnwood,Washington,City,36997
"Whitestone, New York, United States",Whitestone,New York,City,36984
"Beloit, Wisconsin, United States",Beloit,Wisconsin,City,36891
"Belleville, New Jersey, United States",Belleville,New Jersey,City,36878
"Longview, Washington, United States",Longview,Washington,City,36848
"Columbia, Tennessee, United States",Columbia,Tennessee,City,36800
"South Miami Heights, Florida, United States",South Miami Heights,Florida,City,36770
"Portage, Indiana, United States",Portage,Indiana,City,36738
"Westfield, Indiana, United States",Westfield,Indiana,City,36738
"New Albany, Indiana, United States",New Albany,Indiana,City,36732
"Clifton Park, New York, United States",Clifton Park,New York,City,36705
"Fort Lee, New Jersey, United States",Fort Lee,New Jersey,City,36672
"Brighton, New York, United States",Brighton,New York,City,36609
"Bartlesville, Oklahoma, United States",Bartlesville,Oklahoma,City,36595
"Ewing, New Jersey, United States",Ewing,New Jersey,City,36559
"San Juan, Texas, United States",San Juan,Texas,City,36556
"Woodhaven, New York, United States",Woodhaven,New York,City,36555
"Mission Bend, Texas, United States",Mission Bend,Texas,City,36501
"San Juan Capistrano, California, United States",San Juan Capistrano,California,City,36454
"Pahrump, Nevada, United States",Pahrump,Nevada,City,36441
"Saint Charles, Maryland, United States",Saint Charles,Maryland,City,36376
"Temple City, California, United States",Temple City,California,City,36365
"Marion, Ohio, United States",Marion,Ohio,City,36363
"Mechanicsville, Virginia, United States",Mechanicsville,Virginia,City,36348
"Lufkin, Texas, United States",Lufkin,Texas,City,36333
"Pennsauken, New Jersey, United States",Pennsauken,New Jersey,City,36332
"Rome, Georgia, United States",Rome,Georgia,City,36323
"Mattapan, Massachusetts, United States",Mattapan,Massachusetts,City,36299
"Claremont, California, United States",Claremont,California,City,36283
"Franklin, Wisconsin, United States",Franklin,Wisconsin,City,36222
"West Hollywood, California, United States",West Hollywood,California,City,36222
"Richfield, Minnesota, United States",Richfield,Minnesota,City,36216
"Bell, California, United States",Bell,California,City,36205
"Lewiston, Maine, United States",Lewiston,Maine,City,36202
"Dunedin, Florida, United States",Dunedin,Florida,City,36164
"Kendall West, Florida, United States",Kendall West,Florida,City,36154
"Del Rio, Texas, United States",Del Rio,Texas,City,36153
"Oakville, Missouri, United States",Oakville,Missouri,City,36143
"Commack, New York, United States",Commack,New York,City,36124
"Menomonee Falls, Wisconsin, United States",Menomonee Falls,Wisconsin,City,36119
"Moorpark, California, United States",Moorpark,California,City,36104
"Gadsden, Alabama, United States",Gadsden,Alabama,City,36084
"Issaquah, Washington, United States",Issaquah,Washington,City,36081
"Spring Hill, Tennessee, United States",Spring Hill,Tennessee,City,36055
"Trumbull, Connecticut, United States",Trumbull,Connecticut,City,36018
"Olive Branch, Mississippi, United States",Olive Branch,Mississippi,City,36010
"Mooresville, North Carolina, United States",Mooresville,North Carolina,City,36009
"West Torrington, Connecticut, United States",West Torrington,Connecticut,City,36000
"Willowbrook, California, United States",Willowbrook,California,City,35983
"Leavenworth, Kansas, United States",Leavenworth,Kansas,City,35980
"Clinton, Maryland, United States",Clinton,Maryland,City,35970
"Cottage Grove, Minnesota, United States",Cottage Grove,Minnesota,City,35918
"Wildwood, Missouri, United States",Wildwood,Missouri,City,35899
"Richmond West, Florida, United States",Richmond West,Florida,City,35884
"Richmond, Indiana, United States",Richmond,Indiana,City,35854
"Oregon City, Oregon, United States",Oregon City,Oregon,City,35831
"Goldsboro, North Carolina, United States",Goldsboro,North Carolina,City,35826
"Manhattan Beach, California, United States",Manhattan Beach,California,City,35818
"Parkland, Washington, United States",Parkland,Washington,City,35803
"Martinez, Georgia, United States",Martinez,Georgia,City,35795
"East Florence, Alabama, United States",East Florence,Alabama,City,35733
"Kyle, Texas, United States",Kyle,Texas,City,35733
"Kearns, Utah, United States",Kearns,Utah,City,35731
"Linton Hall, Virginia, United States",Linton Hall,Virginia,City,35725
"Tupelo, Mississippi, United States",Tupelo,Mississippi,City,35680
"Hot Springs, Arkansas, United States",Hot Springs,Arkansas,City,35635
"Wildomar, California, United States",Wildomar,California,City,35632
"Wentzville, Missouri, United States",Wentzville,Missouri,City,35603
"Roseville, Minnesota, United States",Roseville,Minnesota,City,35580
"Valrico, Florida, United States",Valrico,Florida,City,35545
"Coventry, Rhode Island, United States",Coventry,Rhode Island,City,35525
"Rosenberg, Texas, United States",Rosenberg,Texas,City,35510
"Bettendorf, Iowa, United States",Bettendorf,Iowa,City,35505
"East Point, Georgia, United States",East Point,Georgia,City,35467
"Prattville, Alabama, United States",Prattville,Alabama,City,35420
"Ponte Vedra Beach, Florida, United States",Ponte Vedra Beach,Florida,City,35400
"Boardman, Ohio, United States",Boardman,Ohio,City,35376
"Cooper City, Florida, United States",Cooper City,Florida,City,35364
"Oxon Hill-Glassmanor, Maryland, United States",Oxon Hill-Glassmanor,Maryland,City,35355
"Egypt Lake-Leto, Florida, United States",Egypt Lake-Leto,Florida,City,35282
"North Lawndale, Illinois, United States",North Lawndale,Illinois,City,35276
"Oak Creek, Wisconsin, United States",Oak Creek,Wisconsin,City,35243
"Peachtree City, Georgia, United States",Peachtree City,Georgia,City,35240
"Merrillville, Indiana, United States",Merrillville,Indiana,City,35224
"Saint Cloud, Florida, United States",Saint Cloud,Florida,City,35183
"La Porte, Texas, United States",La Porte,Texas,City,35148
"University City, Missouri, United States",University City,Missouri,City,35058
"Upper Arlington, Ohio, United States",Upper Arlington,Ohio,City,34907
"Torrington, Connecticut, United States",Torrington,Connecticut,City,34906
"Beverly Hills, California, United States",Beverly Hills,California,City,34869
"Inver Grove Heights, Minnesota, United States",Inver Grove Heights,Minnesota,City,34857
"Cumberland, Rhode Island, United States",Cumberland,Rhode Island,City,34843
"Pleasant Hill, California, United States",Pleasant Hill,California,City,34810
"Stow, Ohio, United States",Stow,Ohio,City,34797
"Lauderdale Lakes, Florida, United States",Lauderdale Lakes,Florida,City,34796
"La Vergne, Tennessee, United States",La Vergne,Tennessee,City,34794
"Winter Springs, Florida, United States",Winter Springs,Florida,City,34789
"Merritt Island, Florida, United States",Merritt Island,Florida,City,34743
"Greenpoint, New York, United States",Greenpoint,New York,City,34719
"West Little River, Florida, United States",West Little River,Florida,City,34699
"Brunswick, Ohio, United States",Brunswick,Ohio,City,34689
"San Dimas, California, United States",San Dimas,California,City,34630
"Monroe, North Carolina, United States",Monroe,North Carolina,City,34623
"North Center, Illinois, United States",North Center,Illinois,City,34623
"Queen Creek, Arizona, United States",Queen Creek,Arizona,City,34614
"Kaneohe, Hawaii, United States",Kaneohe,Hawaii,City,34597
"Gahanna, Ohio, United States",Gahanna,Ohio,City,34590
"Leawood, Kansas, United States",Leawood,Kansas,City,34579
"Owasso, Oklahoma, United States",Owasso,Oklahoma,City,34542
"Derry Village, New Hampshire, United States",Derry Village,New Hampshire,City,34539
"Orange, New Jersey, United States",Orange,New Jersey,City,34457
"Central Islip, New York, United States",Central Islip,New York,City,34450
"Norristown, Pennsylvania, United States",Norristown,Pennsylvania,City,34412
"Lower West Side, Illinois, United States",Lower West Side,Illinois,City,34410
"Dyker Heights, New York, United States",Dyker Heights,New York,City,34399
"Glendale, New York, United States",Glendale,New York,City,34389
"Cottonwood Heights, Utah, United States",Cottonwood Heights,Utah,City,34343
"Gallatin, Tennessee, United States",Gallatin,Tennessee,City,34334
"Houma, Louisiana, United States",Houma,Louisiana,City,34287
"Rubidoux, California, United States",Rubidoux,California,City,34280
"Collinwood, Ohio, United States",Collinwood,Ohio,City,34220
"Glendale Heights, Illinois, United States",Glendale Heights,Illinois,City,34208
"Butte, Montana, United States",Butte,Montana,City,34190
"Dana Point, California, United States",Dana Point,California,City,34181
"Benton, Arkansas, United States",Benton,Arkansas,City,34177
"Vestavia Hills, Alabama, United States",Vestavia Hills,Alabama,City,34174
"La Presa, California, United States",La Presa,California,City,34169
"Oakton, Virginia, United States",Oakton,Virginia,City,34166
"Chester, Pennsylvania, United States",Chester,Pennsylvania,City,34092
"Mount Vernon, Washington, United States",Mount Vernon,Washington,City,34053
"Studio City, California, United States",Studio City,California,City,34034
"Salisbury, North Carolina, United States",Salisbury,North Carolina,City,34017
"Riviera Beach, Florida, United States",Riviera Beach,Florida,City,34005
"Orangevale, California, United States",Orangevale,California,City,33960
"Oswego, Illinois, United States",Oswego,Illinois,City,33955
"El Mirage, Arizona, United States",El Mirage,Arizona,City,33935
"West Lake Sammamish, Washington, United States",West Lake Sammamish,Washington,City,33929
"North Bel Air, Maryland, United States",North Bel Air,Maryland,City,33925
"Chelmsford, Massachusetts, United States",Chelmsford,Massachusetts,City,33925
"Bay City, Michigan, United States",Bay City,Michigan,City,33917
"Nacogdoches, Texas, United States",Nacogdoches,Texas,City,33894
"Shrewsbury, Massachusetts, United States",Shrewsbury,Massachusetts,City,33893
"McMinnville, Oregon, United States",McMinnville,Oregon,City,33892
"Bridgeport, Illinois, United States",Bridgeport,Illinois,City,33878
"Dalton, Georgia, United States",Dalton,Georgia,City,33853
"Olney, Maryland, United States",Olney,Maryland,City,33844
"North Providence, Rhode Island, United States",North Providence,Rhode Island,City,33835
"Newark, Delaware, United States",Newark,Delaware,City,33817
"Oak Hill, Virginia, United States",Oak Hill,Virginia,City,33811
"Deer Park, Texas, United States",Deer Park,Texas,City,33806
"Holland, Michigan, United States",Holland,Michigan,City,33742
"Throgs Neck, New York, United States",Throgs Neck,New York,City,33683
"Northbrook, Illinois, United States",Northbrook,Illinois,City,33663
"Hilliard, Ohio, United States",Hilliard,Ohio,City,33649
"Wenatchee, Washington, United States",Wenatchee,Washington,City,33636
"West Fargo, North Dakota, United States",West Fargo,North Dakota,City,33597
"Fair Lawn, New Jersey, United States",Fair Lawn,New Jersey,City,33597
"Kennesaw, Georgia, United States",Kennesaw,Georgia,City,33584
"New City, New York, United States",New City,New York,City,33559
"Long Beach, New York, United States",Long Beach,New York,City,33550
"Richmond, Kentucky, United States",Richmond,Kentucky,City,33533
"Suitland-Silver Hill, Maryland, United States",Suitland-Silver Hill,Maryland,City,33515
"Chillum, Maryland, United States",Chillum,Maryland,City,33513
"Foster City, California, United States",Foster City,California,City,33477
"Fairborn, Ohio, United States",Fairborn,Ohio,City,33452
"Menlo Park, California, United States",Menlo Park,California,City,33449
"Chicago Loop, Illinois, United States",Chicago Loop,Illinois,City,33442
"Cibolo, Texas, United States",Cibolo,Texas,City,33433
"Lawndale, California, United States",Lawndale,California,City,33430
"Hinesville, Georgia, United States",Hinesville,Georgia,City,33398
"Waxahachie, Texas, United States",Waxahachie,Texas,City,33384
"St. Charles, Maryland, United States",St. Charles,Maryland,City,33379
"Cobbs Creek, Pennsylvania, United States",Cobbs Creek,Pennsylvania,City,33373
"Woodridge, Illinois, United States",Woodridge,Illinois,City,33370
"Carrollwood, Florida, United States",Carrollwood,Florida,City,33365
"Somerton, Pennsylvania, United States",Somerton,Pennsylvania,City,33247
"Elk Grove Village, Illinois, United States",Elk Grove Village,Illinois,City,33238
"Pekin, Illinois, United States",Pekin,Illinois,City,33223
"Socorro, Texas, United States",Socorro,Texas,City,33222
"Elmont, New York, United States",Elmont,New York,City,33198
"Adelanto, California, United States",Adelanto,California,City,33166
"Tooele, Utah, United States",Tooele,Utah,City,33157
"Golden Glades, Florida, United States",Golden Glades,Florida,City,33145
"Marrero, Louisiana, United States",Marrero,Louisiana,City,33141
"Jackson, Michigan, United States",Jackson,Michigan,City,33133
"Foothill Farms, California, United States",Foothill Farms,California,City,33121
"Englewood, Colorado, United States",Englewood,Colorado,City,33082
"Copperas Cove, Texas, United States",Copperas Cove,Texas,City,33081
"Bath Beach, New York, United States",Bath Beach,New York,City,33080
"Huntington Station, New York, United States",Huntington Station,New York,City,33029
"Seaside, California, United States",Seaside,California,City,33025
"Kearney, Nebraska, United States",Kearney,Nebraska,City,33021
"Redan, Georgia, United States",Redan,Georgia,City,33015
"Manitowoc, Wisconsin, United States",Manitowoc,Wisconsin,City,33010
"Williamsburg, New York, United States",Williamsburg,New York,City,33000
"Goshen, Indiana, United States",Goshen,Indiana,City,32983
"St. Charles, Illinois, United States",St. Charles,Illinois,City,32974
"Greenacres City, Florida, United States",Greenacres City,Florida,City,32963
"Kiryas Joel, New York, United States",Kiryas Joel,New York,City,32954
"Salisbury, Maryland, United States",Salisbury,Maryland,City,32899
"Douglasville, Georgia, United States",Douglasville,Georgia,City,32897
"Silver Lake, California, United States",Silver Lake,California,City,32890
"Security-Widefield, Colorado, United States",Security-Widefield,Colorado,City,32882
"University Place, Washington, United States",University Place,Washington,City,32842
"Pullman, Washington, United States",Pullman,Washington,City,32816
"West Lawn, Illinois, United States",West Lawn,Illinois,City,32749
"Mount Lebanon, Pennsylvania, United States",Mount Lebanon,Pennsylvania,City,32730
"Alabaster, Alabama, United States",Alabaster,Alabama,City,32707
"Farmers Branch, Texas, United States",Farmers Branch,Texas,City,32689
"Oildale, California, United States",Oildale,California,City,32684
"La Verne, California, United States",La Verne,California,City,32681
"Mason, Ohio, United States",Mason,Ohio,City,32662
"Eastpointe, Michigan, United States",Eastpointe,Michigan,City,32657
"Bustleton, Pennsylvania, United States",Bustleton,Pennsylvania,City,32655
"Gillette, Wyoming, United States",Gillette,Wyoming,City,32649
"Valparaiso, Indiana, United States",Valparaiso,Indiana,City,32626
"Midvale, Utah, United States",Midvale,Utah,City,32613
"Spring Valley, New York, United States",Spring Valley,New York,City,32598
"Rome, New York, United States",Rome,New York,City,32573
"Lewiston, Idaho, United States",Lewiston,Idaho,City,32544
"North Ridgeville, Ohio, United States",North Ridgeville,Ohio,City,32483
"Petersburg, Virginia, United States",Petersburg,Virginia,City,32477
"Santa Rosa Beach, Florida, United States",Santa Rosa Beach,Florida,City,32459
"Ken Caryl, Colorado, United States",Ken Caryl,Colorado,City,32438
"Randallstown, Maryland, United States",Randallstown,Maryland,City,32430
"Westlake, Ohio, United States",Westlake,Ohio,City,32428
"Bangor, Maine, United States",Bangor,Maine,City,32391
"Clermont, Florida, United States",Clermont,Florida,City,32390
"Sun Prairie, Wisconsin, United States",Sun Prairie,Wisconsin,City,32365
"Georgetown, Kentucky, United States",Georgetown,Kentucky,City,32356
"Greater Grand Crossing, Illinois, United States",Greater Grand Crossing,Illinois,City,32346
"Fairbanks, Alaska, United States",Fairbanks,Alaska,City,32325
"College Park, Maryland, United States",College Park,Maryland,City,32301
"Springville, Utah, United States",Springville,Utah,City,32286
"Natick, Massachusetts, United States",Natick,Massachusetts,City,32276
"Massillon, Ohio, United States",Massillon,Ohio,City,32252
"Walla Walla, Washington, United States",Walla Walla,Washington,City,32237
"Florence, Kentucky, United States",Florence,Kentucky,City,32227
"Andover, Minnesota, United States",Andover,Minnesota,City,32213
"Hopkinsville, Kentucky, United States",Hopkinsville,Kentucky,City,32205
"Overbrook, Pennsylvania, United States",Overbrook,Pennsylvania,City,32181
"Laramie, Wyoming, United States",Laramie,Wyoming,City,32158
"Greenville, Mississippi, United States",Greenville,Mississippi,City,32156
"West Englewood, Illinois, United States",West Englewood,Illinois,City,32156
"Bethel Park, Pennsylvania, United States",Bethel Park,Pennsylvania,City,32118
"Cookeville, Tennessee, United States",Cookeville,Tennessee,City,32113
"Randolph, Massachusetts, United States",Randolph,Massachusetts,City,32112
"Oceanside, New York, United States",Oceanside,New York,City,32109
"Danville, Illinois, United States",Danville,Illinois,City,32108
"Helena, Montana, United States",Helena,Montana,City,32091
"Montgomery Village, Maryland, United States",Montgomery Village,Maryland,City,32032
"North Olmsted, Ohio, United States",North Olmsted,Ohio,City,32004
"Land O' Lakes, Florida, United States",Land O' Lakes,Florida,City,31996
"Watertown, Massachusetts, United States",Watertown,Massachusetts,City,31915
"Glastonbury, Connecticut, United States",Glastonbury,Connecticut,City,31876
"Westmont, California, United States",Westmont,California,City,31853
"Hyde Park, Massachusetts, United States",Hyde Park,Massachusetts,City,31845
"Garfield, New Jersey, United States",Garfield,New Jersey,City,31802
"Laguna Hills, California, United States",Laguna Hills,California,City,31748
"West Bend, Wisconsin, United States",West Bend,Wisconsin,City,31695
"Willingboro, New Jersey, United States",Willingboro,New Jersey,City,31668
"Cicero, New York, United States",Cicero,New York,City,31632
"Mundelein, Illinois, United States",Mundelein,Illinois,City,31582
"Centereach, New York, United States",Centereach,New York,City,31578
"Juneau, Alaska, United States",Juneau,Alaska,City,31555
"Mount Juliet, Tennessee, United States",Mount Juliet,Tennessee,City,31540
"Naugatuck, Connecticut, United States",Naugatuck,Connecticut,City,31538
"San Luis, Arizona, United States",San Luis,Arizona,City,31520
"Brighton Beach, New York, United States",Brighton Beach,New York,City,31462
"Michigan City, Indiana, United States",Michigan City,Indiana,City,31459
"Dania Beach, Florida, United States",Dania Beach,Florida,City,31446
"Makiki / Lower Punchbowl / Tantalus, Hawaii, United States",Makiki / Lower Punchbowl / Tantalus,Hawaii,City,31434
"Lewiston Orchards, Idaho, United States",Lewiston Orchards,Idaho,City,31422
"Lexington, Massachusetts, United States",Lexington,Massachusetts,City,31394
"Chatham, Illinois, United States",Chatham,Illinois,City,31392
"Navarre, Florida, United States",Navarre,Florida,City,31378
"Holly Springs, North Carolina, United States",Holly Springs,North Carolina,City,31377
"Shawnee, Oklahoma, United States",Shawnee,Oklahoma,City,31286
"Brentwood Estates, Tennessee, United States",Brentwood Estates,Tennessee,City,31279
"Galesburg, Illinois, United States",Galesburg,Illinois,City,31273
"Bowling Green, Ohio, United States",Bowling Green,Ohio,City,31246
"Des Moines, Washington, United States",Des Moines,Washington,City,31221
"Wheat Ridge, Colorado, United States",Wheat Ridge,Colorado,City,31192
"Florence, Arizona, United States",Florence,Arizona,City,31110
"Gurnee, Illinois, United States",Gurnee,Illinois,City,31056
"Myrtle Beach, South Carolina, United States",Myrtle Beach,South Carolina,City,31035
"Parkersburg, West Virginia, United States",Parkersburg,West Virginia,City,30991
"Miami Lakes, Florida, United States",Miami Lakes,Florida,City,30972
"Saratoga, California, United States",Saratoga,California,City,30968
"East Lake, Florida, United States",East Lake,Florida,City,30962
"Banning, California, United States",Banning,California,City,30945
"Goleta, California, United States",Goleta,California,City,30944
"Lakeside, Florida, United States",Lakeside,Florida,City,30943
"Long Branch, New Jersey, United States",Long Branch,New Jersey,City,30941
"Fair Oaks, California, United States",Fair Oaks,California,City,30912
"Wayne, Pennsylvania, United States",Wayne,Pennsylvania,City,30892
"Lake Stevens, Washington, United States",Lake Stevens,Washington,City,30886
"Dover, New Hampshire, United States",Dover,New Hampshire,City,30880
"Radnor, Pennsylvania, United States",Radnor,Pennsylvania,City,30878
"Holladay, Utah, United States",Holladay,Utah,City,30864
"Herriman, Utah, United States",Herriman,Utah,City,30835
"South Kingstown, Rhode Island, United States",South Kingstown,Rhode Island,City,30826
"Estero, Florida, United States",Estero,Florida,City,30799
"Ithaca, New York, United States",Ithaca,New York,City,30788
"North Tonawanda, New York, United States",North Tonawanda,New York,City,30785
"Brooklyn Center, Minnesota, United States",Brooklyn Center,Minnesota,City,30770
"Pikesville, Maryland, United States",Pikesville,Maryland,City,30764
"New Iberia, Louisiana, United States",New Iberia,Louisiana,City,30754
"Alamogordo, New Mexico, United States",Alamogordo,New Mexico,City,30753
"Parkville, Maryland, United States",Parkville,Maryland,City,30734
"Statesboro, Georgia, United States",Statesboro,Georgia,City,30721
"Morgantown, West Virginia, United States",Morgantown,West Virginia,City,30708
"Los Gatos, California, United States",Los Gatos,California,City,30705
"Matthews, North Carolina, United States",Matthews,North Carolina,City,30678
"Los Altos, California, United States",Los Altos,California,City,30671
"Clearfield, Utah, United States",Clearfield,Utah,City,30653
"Franklin, Massachusetts, United States",Franklin,Massachusetts,City,30636
"Owings Mills, Maryland, United States",Owings Mills,Maryland,City,30622
"Hawai‘i Kai, Hawaii, United States",Hawai‘i Kai,Hawaii,City,30620
"Aiken, South Carolina, United States",Aiken,South Carolina,City,30604
"Plainfield, Indiana, United States",Plainfield,Indiana,City,30590
"Ballwin, Missouri, United States",Ballwin,Missouri,City,30577
"Manchester, Connecticut, United States",Manchester,Connecticut,City,30577
"Algonquin, Illinois, United States",Algonquin,Illinois,City,30571
"Bel Air North, Maryland, United States",Bel Air North,Maryland,City,30568
"Newington, Connecticut, United States",Newington,Connecticut,City,30562
"Westfield, New Jersey, United States",Westfield,New Jersey,City,30548
"Santa Paula, California, United States",Santa Paula,California,City,30546
"Fallbrook, California, United States",Fallbrook,California,City,30534
"Eldersburg, Maryland, United States",Eldersburg,Maryland,City,30531
"Sherwood, Arkansas, United States",Sherwood,Arkansas,City,30517
"Springfield Gardens, New York, United States",Springfield Gardens,New York,City,30515
"Lawrenceville, Georgia, United States",Lawrenceville,Georgia,City,30493
"Springfield, Virginia, United States",Springfield,Virginia,City,30484
"Kaysville, Utah, United States",Kaysville,Utah,City,30472
"Granger, Indiana, United States",Granger,Indiana,City,30465
"Burlingame, California, United States",Burlingame,California,City,30459
"Post Falls, Idaho, United States",Post Falls,Idaho,City,30453
"Liberty, Missouri, United States",Liberty,Missouri,City,30450
"West Roxbury, Massachusetts, United States",West Roxbury,Massachusetts,City,30442
"San Pablo, California, United States",San Pablo,California,City,30407
"Savage, Minnesota, United States",Savage,Minnesota,City,30391
"Poughkeepsie, New York, United States",Poughkeepsie,New York,City,30371
"Texarkana, Arkansas, United States",Texarkana,Arkansas,City,30353
"North Royalton, Ohio, United States",North Royalton,Ohio,City,30311
"Chicago Heights, Illinois, United States",Chicago Heights,Illinois,City,30284
"Lebanon, Tennessee, United States",Lebanon,Tennessee,City,30262
"Walnut, California, United States",Walnut,California,City,30237
"Madison Heights, Michigan, United States",Madison Heights,Michigan,City,30198
"DeLand, Florida, United States",DeLand,Florida,City,30195
"Cedar City, Utah, United States",Cedar City,Utah,City,30184
"Parkland, Florida, United States",Parkland,Florida,City,30177
"West Warwick, Rhode Island, United States",West Warwick,Rhode Island,City,30146
"Jamestown, New York, United States",Jamestown,New York,City,30075
"New Bern, North Carolina, United States",New Bern,North Carolina,City,30070
"Rochester, New Hampshire, United States",Rochester,New Hampshire,City,30038
"Cleburne, Texas, United States",Cleburne,Texas,City,30020
"Ashmont, Massachusetts, United States",Ashmont,Massachusetts,City,30000
"Winter Park, Florida, United States",Winter Park,Florida,City,29943
"Carney, Maryland, United States",Carney,Maryland,City,29941
"Southlake, Texas, United States",Southlake,Texas,City,29941
"San Carlos, California, United States",San Carlos,California,City,29931
"Woodstock, Georgia, United States",Woodstock,Georgia,City,29898
"East Hill-Meridian, Washington, United States",East Hill-Meridian,Washington,City,29878
"Niles, Illinois, United States",Niles,Illinois,City,29876
"Laplace, Louisiana, United States",Laplace,Louisiana,City,29872
"Westchester, Florida, United States",Westchester,Florida,City,29862
"Atascadero, California, United States",Atascadero,California,City,29819
"Kent, Ohio, United States",Kent,Ohio,City,29810
"Gloucester, Massachusetts, United States",Gloucester,Massachusetts,City,29781
"Nicholasville, Kentucky, United States",Nicholasville,Kentucky,City,29754
"Oak Park, Michigan, United States",Oak Park,Michigan,City,29752
"Highland Park, Illinois, United States",Highland Park,Illinois,City,29743
"Elizabethtown, Kentucky, United States",Elizabethtown,Kentucky,City,29678
"Austintown, Ohio, United States",Austintown,Ohio,City,29677
"East Palo Alto, California, United States",East Palo Alto,California,City,29662
"South Gate, Maryland, United States",South Gate,Maryland,City,29658
"Pueblo West, Colorado, United States",Pueblo West,Colorado,City,29637
"Port Chester, New York, United States",Port Chester,New York,City,29620
"Princeton, New Jersey, United States",Princeton,New Jersey,City,29603
"Fort Cavazos, Texas, United States",Fort Cavazos,Texas,City,29589
"LaGrange, Georgia, United States",LaGrange,Georgia,City,29588
"Salem, New Hampshire, United States",Salem,New Hampshire,City,29549
"Opelika, Alabama, United States",Opelika,Alabama,City,29527
"Rahway, New Jersey, United States",Rahway,New Jersey,City,29508
"North Chicago, Illinois, United States",North Chicago,Illinois,City,29491
"Middle Village, New York, United States",Middle Village,New York,City,29491
"Morristown, Tennessee, United States",Morristown,Tennessee,City,29478
"Cheshire, Connecticut, United States",Cheshire,Connecticut,City,29443
"Branford, Connecticut, United States",Branford,Connecticut,City,29438
"Raytown, Missouri, United States",Raytown,Missouri,City,29401
"Fruit Cove, Florida, United States",Fruit Cove,Florida,City,29362
"Port Huron, Michigan, United States",Port Huron,Michigan,City,29330
"Tewksbury, Massachusetts, United States",Tewksbury,Massachusetts,City,29326
"Glenville, New York, United States",Glenville,New York,City,29326
"Franklin Square, New York, United States",Franklin Square,New York,City,29320
"Oak Ridge, Tennessee, United States",Oak Ridge,Tennessee,City,29302
"Southgate, Michigan, United States",Southgate,Michigan,City,29293
"East Haven, Connecticut, United States",East Haven,Connecticut,City,29257
"Upper Alton, Illinois, United States",Upper Alton,Illinois,City,29251
"Johnston, Rhode Island, United States",Johnston,Rhode Island,City,29247
"Atwater, California, United States",Atwater,California,City,29237
"West Falls Church, Virginia, United States",West Falls Church,Virginia,City,29207
"Williamsport, Pennsylvania, United States",Williamsport,Pennsylvania,City,29201
"Duluth, Georgia, United States",Duluth,Georgia,City,29193
"Fort Bragg, North Carolina, United States",Fort Bragg,North Carolina,City,29183
"Russellville, Arkansas, United States",Russellville,Arkansas,City,29166
"Sanford, North Carolina, United States",Sanford,North Carolina,City,29144
"Harker Heights, Texas, United States",Harker Heights,Texas,City,29142
"Burbank, Illinois, United States",Burbank,Illinois,City,29128
"Marion, Indiana, United States",Marion,Indiana,City,29081
"Granite City, Illinois, United States",Granite City,Illinois,City,29054
"Milford Mill, Maryland, United States",Milford Mill,Maryland,City,29042
"Lake in the Hills, Illinois, United States",Lake in the Hills,Illinois,City,29024
"Evans, Georgia, United States",Evans,Georgia,City,29011
"O'Fallon, Illinois, United States",O'Fallon,Illinois,City,29002
"Fort Hamilton, New York, United States",Fort Hamilton,New York,City,28966
"Carlsbad, New Mexico, United States",Carlsbad,New Mexico,City,28957
"Ferry Pass, Florida, United States",Ferry Pass,Florida,City,28921
"Kingman, Arizona, United States",Kingman,Arizona,City,28912
"Orcutt, California, United States",Orcutt,California,City,28905
"Henderson, Kentucky, United States",Henderson,Kentucky,City,28890
"Needham, Massachusetts, United States",Needham,Massachusetts,City,28886
"Crown Point, Indiana, United States",Crown Point,Indiana,City,28879
"Big Spring, Texas, United States",Big Spring,Texas,City,28862
"Dracut, Massachusetts, United States",Dracut,Massachusetts,City,28831
"Allston, Massachusetts, United States",Allston,Massachusetts,City,28821
"Schererville, Indiana, United States",Schererville,Indiana,City,28791
"Burton, Michigan, United States",Burton,Michigan,City,28788
"Ridgecrest, California, United States",Ridgecrest,California,City,28780
"Windsor, Connecticut, United States",Windsor,Connecticut,City,28778
"Eagle Pass, Texas, United States",Eagle Pass,Texas,City,28765
"Agawam, Massachusetts, United States",Agawam,Massachusetts,City,28761
"Weatherford, Texas, United States",Weatherford,Texas,City,28742
"West Elkridge, Maryland, United States",West Elkridge,Maryland,City,28734
"East Chicago, Indiana, United States",East Chicago,Indiana,City,28699
"Redmond, Oregon, United States",Redmond,Oregon,City,28654
"Jacksonville, Arkansas, United States",Jacksonville,Arkansas,City,28643
"Socorro Mission Number 1 Colonia, Texas, United States",Socorro Mission Number 1 Colonia,Texas,City,28637
"Norwood, Massachusetts, United States",Norwood,Massachusetts,City,28602
"Northampton, Massachusetts, United States",Northampton,Massachusetts,City,28540
"Englewood, New Jersey, United States",Englewood,New Jersey,City,28539
"Lake Magdalene, Florida, United States",Lake Magdalene,Florida,City,28509
"Perry Hall, Maryland, United States",Perry Hall,Maryland,City,28474
"Maryville, Tennessee, United States",Maryville,Tennessee,City,28464
"Hobart, Indiana, United States",Hobart,Indiana,City,28404
"Fresh Meadows, New York, United States",Fresh Meadows,New York,City,28397
"Frankfort, Kentucky, United States",Frankfort,Kentucky,City,28391
"Mehlville, Missouri, United States",Mehlville,Missouri,City,28380
"Greer, South Carolina, United States",Greer,South Carolina,City,28365
"Lansing, Illinois, United States",Lansing,Illinois,City,28349
"Harrison, New York, United States",Harrison,New York,City,28348
"Monterey, California, United States",Monterey,California,City,28338
"West Islip, New York, United States",West Islip,New York,City,28335
"Desert Hot Springs, California, United States",Desert Hot Springs,California,City,28335
"American Fork, Utah, United States",American Fork,Utah,City,28326
"Central, Louisiana, United States",Central,Louisiana,City,28295
"Newburgh, New York, United States",Newburgh,New York,City,28290
"McCully - Moiliili, Hawaii, United States",McCully - Moiliili,Hawaii,City,28249
"Chamblee, Georgia, United States",Chamblee,Georgia,City,28244
"Millville, New Jersey, United States",Millville,New Jersey,City,28230
"North Andover, Massachusetts, United States",North Andover,Massachusetts,City,28222
"SeaTac, Washington, United States",SeaTac,Washington,City,28215
"Elmira, New York, United States",Elmira,New York,City,28213
"Spring Valley, California, United States",Spring Valley,California,City,28205
"Stockbridge, Georgia, United States",Stockbridge,Georgia,City,28202
"Glen Ellyn, Illinois, United States",Glen Ellyn,Illinois,City,28201
"Monroeville, Pennsylvania, United States",Monroeville,Pennsylvania,City,28176
"Benicia, California, United States",Benicia,California,City,28167
"Fredericksburg, Virginia, United States",Fredericksburg,Virginia,City,28118
"Suisun, California, United States",Suisun,California,City,28111
"Aberdeen, South Dakota, United States",Aberdeen,South Dakota,City,28102
"Cranberry Township, Pennsylvania, United States",Cranberry Township,Pennsylvania,City,28098
"Garfield Heights, Ohio, United States",Garfield Heights,Ohio,City,28097
"South Chicago, Illinois, United States",South Chicago,Illinois,City,28095
"Cornelius, North Carolina, United States",Cornelius,North Carolina,City,28092
"Oakdale, Minnesota, United States",Oakdale,Minnesota,City,28080
"Oak Forest, Illinois, United States",Oak Forest,Illinois,City,28074
"Garner, North Carolina, United States",Garner,North Carolina,City,28053
"Holmesburg, Pennsylvania, United States",Holmesburg,Pennsylvania,City,28046
"Drexel Hill, Pennsylvania, United States",Drexel Hill,Pennsylvania,City,28043
"Vestal, New York, United States",Vestal,New York,City,28043
"North Kingstown, Rhode Island, United States",North Kingstown,Rhode Island,City,28042
"Bella Vista, Arkansas, United States",Bella Vista,Arkansas,City,27999
"Melrose, Massachusetts, United States",Melrose,Massachusetts,City,27997
"Fitchburg, Wisconsin, United States",Fitchburg,Wisconsin,City,27996
"Gramercy Park, New York, United States",Gramercy Park,New York,City,27988
"Wellesley, Massachusetts, United States",Wellesley,Massachusetts,City,27982
"Enterprise, Alabama, United States",Enterprise,Alabama,City,27978
"Winchester, Nevada, United States",Winchester,Nevada,City,27978
"Slidell, Louisiana, United States",Slidell,Louisiana,City,27942
"University Heights, New York, United States",University Heights,New York,City,27935
"West Springfield, Massachusetts, United States",West Springfield,Massachusetts,City,27912
"Dodge City, Kansas, United States",Dodge City,Kansas,City,27912
"Paragould, Arkansas, United States",Paragould,Arkansas,City,27900
"Maywood, California, United States",Maywood,California,City,27888
"Seguin, Texas, United States",Seguin,Texas,City,27864
"Shirley, New York, United States",Shirley,New York,City,27854
"Livingston, New Jersey, United States",Livingston,New Jersey,City,27853
"Round Lake Beach, Illinois, United States",Round Lake Beach,Illinois,City,27852
"Sterling, Virginia, United States",Sterling,Virginia,City,27822
"Middletown, New York, United States",Middletown,New York,City,27812
"Fountain, Colorado, United States",Fountain,Colorado,City,27767
"Saratoga Springs, New York, United States",Saratoga Springs,New York,City,27765
"Kirkwood, Missouri, United States",Kirkwood,Missouri,City,27750
"Drexel Heights, Arizona, United States",Drexel Heights,Arizona,City,27749
"Deer Park, New York, United States",Deer Park,New York,City,27745
"Lafayette, Colorado, United States",Lafayette,Colorado,City,27729
"Fridley, Minnesota, United States",Fridley,Minnesota,City,27713
"West Scarborough, Maine, United States",West Scarborough,Maine,City,27706
"Queensbury, New York, United States",Queensbury,New York,City,27703
"Roslindale, Massachusetts, United States",Roslindale,Massachusetts,City,27683
"Rexburg, Idaho, United States",Rexburg,Idaho,City,27663
"Wheeling, West Virginia, United States",Wheeling,West Virginia,City,27648
"Shaker Heights, Ohio, United States",Shaker Heights,Ohio,City,27646
"Mililani Town, Hawaii, United States",Mililani Town,Hawaii,City,27629
"Bergenfield, New Jersey, United States",Bergenfield,New Jersey,City,27621
"Marshalltown, Iowa, United States",Marshalltown,Iowa,City,27620
"Tucker, Georgia, United States",Tucker,Georgia,City,27581
"Nutley, New Jersey, United States",Nutley,New Jersey,City,27572
"Port Richmond, Pennsylvania, United States",Port Richmond,Pennsylvania,City,27554
"Lake Jackson, Texas, United States",Lake Jackson,Texas,City,27533
"Plum, Pennsylvania, United States",Plum,Pennsylvania,City,27505
"Windsor, California, United States",Windsor,California,City,27464
"West Chicago, Illinois, United States",West Chicago,Illinois,City,27447
"Allen Park, Michigan, United States",Allen Park,Michigan,City,27425
"Wilmette, Illinois, United States",Wilmette,Illinois,City,27413
"Imperial Beach, California, United States",Imperial Beach,California,City,27408
"Glen Cove, New York, United States",Glen Cove,New York,City,27400
"Syracuse, Utah, United States",Syracuse,Utah,City,27395
"Maryland Heights, Missouri, United States",Maryland Heights,Missouri,City,27389
"Mason City, Iowa, United States",Mason City,Iowa,City,27366
"Crofton, Maryland, United States",Crofton,Maryland,City,27348
"Anderson, South Carolina, United States",Anderson,South Carolina,City,27335
"Eagle Mountain, Utah, United States",Eagle Mountain,Utah,City,27332
"College Point, New York, United States",College Point,New York,City,27307
"Winchester, Virginia, United States",Winchester,Virginia,City,27284
"Lindenhurst, New York, United States",Lindenhurst,New York,City,27277
"Spanaway, Washington, United States",Spanaway,Washington,City,27227
"Belmont, California, United States",Belmont,California,City,27218
"Hunts Point, New York, United States",Hunts Point,New York,City,27204
"Holbrook, New York, United States",Holbrook,New York,City,27195
"New London, Connecticut, United States",New London,Connecticut,City,27179
"Paso Robles, California, United States",Paso Robles,California,City,27157
"Tualatin, Oregon, United States",Tualatin,Oregon,City,27154
"Fleming Island, Florida, United States",Fleming Island,Florida,City,27126
"Winona, Minnesota, United States",Winona,Minnesota,City,27094
"Agua Caliente, California, United States",Agua Caliente,California,City,27090
"Thomasville, North Carolina, United States",Thomasville,North Carolina,City,27061
"Casselberry, Florida, United States",Casselberry,Florida,City,27056
"Eureka, California, United States",Eureka,California,City,27017
"East Saint Louis, Illinois, United States",East Saint Louis,Illinois,City,27006
"Garden City, Kansas, United States",Garden City,Kansas,City,27005
"Alton, Illinois, United States",Alton,Illinois,City,27003
"Milton, Massachusetts, United States",Milton,Massachusetts,City,27003
"University Park, Florida, United States",University Park,Florida,City,26995
"Auburn, New York, United States",Auburn,New York,City,26985
"Williston, North Dakota, United States",Williston,North Dakota,City,26977
"Paramus, New Jersey, United States",Paramus,New Jersey,City,26974
"Back Mountain, Pennsylvania, United States",Back Mountain,Pennsylvania,City,26973
"West Milford, New Jersey, United States",West Milford,New Jersey,City,26968
"Jeffersontown, Kentucky, United States",Jeffersontown,Kentucky,City,26946
"Garden City, Michigan, United States",Garden City,Michigan,City,26920
"Horn Lake, Mississippi, United States",Horn Lake,Mississippi,City,26915
"Stoughton, Massachusetts, United States",Stoughton,Massachusetts,City,26915
"Easton, Pennsylvania, United States",Easton,Pennsylvania,City,26915
"Prairieville, Louisiana, United States",Prairieville,Louisiana,City,26895
"Hyde Park, Illinois, United States",Hyde Park,Illinois,City,26893
"Dix Hills, New York, United States",Dix Hills,New York,City,26892
"Gladstone, Missouri, United States",Gladstone,Missouri,City,26861
"Cutler Ridge, Florida, United States",Cutler Ridge,Florida,City,26831
"Independence, Kentucky, United States",Independence,Kentucky,City,26819
"Watertown, New York, United States",Watertown,New York,City,26780
"Wooster, Ohio, United States",Wooster,Ohio,City,26749
"Bessemer, Alabama, United States",Bessemer,Alabama,City,26730
"Merrimack, New Hampshire, United States",Merrimack,New Hampshire,City,26726
"Lemon Grove, California, United States",Lemon Grove,California,City,26709
"Kankakee, Illinois, United States",Kankakee,Illinois,City,26676
"Wethersfield, Connecticut, United States",Wethersfield,Connecticut,City,26668
"Bristol, Tennessee, United States",Bristol,Tennessee,City,26666
"McHenry, Illinois, United States",McHenry,Illinois,City,26657
"Saugus, Massachusetts, United States",Saugus,Massachusetts,City,26628
"Stevens Point, Wisconsin, United States",Stevens Point,Wisconsin,City,26604
"West Linn, Oregon, United States",West Linn,Oregon,City,26593
"Superior, Wisconsin, United States",Superior,Wisconsin,City,26579
"Tujunga, California, United States",Tujunga,California,City,26527
"Greenville, Texas, United States",Greenville,Texas,City,26515
"Magna, Utah, United States",Magna,Utah,City,26505
"Batavia, Illinois, United States",Batavia,Illinois,City,26495
"Cantonment, Florida, United States",Cantonment,Florida,City,26493
"Danvers, Massachusetts, United States",Danvers,Massachusetts,City,26493
"Shoreview, Minnesota, United States",Shoreview,Minnesota,City,26477
"Paradise, California, United States",Paradise,California,City,26476
"Fremont, Nebraska, United States",Fremont,Nebraska,City,26474
"Smithtown, New York, United States",Smithtown,New York,City,26470
"Pearl, Mississippi, United States",Pearl,Mississippi,City,26462
"Mansfield City, Connecticut, United States",Mansfield City,Connecticut,City,26439
"Mercerville-Hamilton Square, New Jersey, United States",Mercerville-Hamilton Square,New Jersey,City,26419
"North Creek, Washington, United States",North Creek,Washington,City,26410
"Carbondale, Illinois, United States",Carbondale,Illinois,City,26399
"Westport, Connecticut, United States",Westport,Connecticut,City,26391
"Medina, Ohio, United States",Medina,Ohio,City,26339
"Bay Shore, New York, United States",Bay Shore,New York,City,26337
"Kahului, Hawaii, United States",Kahului,Hawaii,City,26337
"Leisure City, Florida, United States",Leisure City,Florida,City,26324
"Vernon Hills, Illinois, United States",Vernon Hills,Illinois,City,26314
"Zionsville, Indiana, United States",Zionsville,Indiana,City,26296
"Norco, California, United States",Norco,California,City,26289
"Wasco, California, United States",Wasco,California,City,26279
"Mount Pleasant, Wisconsin, United States",Mount Pleasant,Wisconsin,City,26272
"Fortuna Foothills, Arizona, United States",Fortuna Foothills,Arizona,City,26265
"Barberton, Ohio, United States",Barberton,Ohio,City,26234
"Kingsville, Texas, United States",Kingsville,Texas,City,26225
"Statesville, North Carolina, United States",Statesville,North Carolina,City,26221
"Plainview, New York, United States",Plainview,New York,City,26217
"Laurel, Maryland, United States",Laurel,Maryland,City,26215
"Carrollton, Georgia, United States",Carrollton,Georgia,City,26203
"South Pasadena, California, United States",South Pasadena,California,City,26151
"Howard Beach, New York, United States",Howard Beach,New York,City,26148
"Englewood, Illinois, United States",Englewood,Illinois,City,26121
"Four Corners, Florida, United States",Four Corners,Florida,City,26116
"South Laurel, Maryland, United States",South Laurel,Maryland,City,26112
"Asheboro, North Carolina, United States",Asheboro,North Carolina,City,26103
"Buenaventura Lakes, Florida, United States",Buenaventura Lakes,Florida,City,26079
"Clinton, Iowa, United States",Clinton,Iowa,City,26064
"Mount Pleasant, Michigan, United States",Mount Pleasant,Michigan,City,26060
"Twentynine Palms, California, United States",Twentynine Palms,California,City,26025
"Huntley, Illinois, United States",Huntley,Illinois,City,26005
"Pennsport, Pennsylvania, United States",Pennsport,Pennsylvania,City,26000
"Xenia, Ohio, United States",Xenia,Ohio,City,25976
"Reisterstown, Maryland, United States",Reisterstown,Maryland,City,25968
"Green, Ohio, United States",Green,Ohio,City,25898
"Brawley, California, United States",Brawley,California,City,25897
"Yukon, Oklahoma, United States",Yukon,Oklahoma,City,25892
"Ellendale, Tennessee, United States",Ellendale,Tennessee,City,25882
"Opportunity, Washington, United States",Opportunity,Washington,City,25877
"Forest Hills, Michigan, United States",Forest Hills,Michigan,City,25867
"Lafayette, California, United States",Lafayette,California,City,25843
"Ramsey, Minnesota, United States",Ramsey,Minnesota,City,25828
"Suitland, Maryland, United States",Suitland,Maryland,City,25825
"Pleasure Ridge Park, Kentucky, United States",Pleasure Ridge Park,Kentucky,City,25813
"Rosedale, New York, United States",Rosedale,New York,City,25812
"New Lenox, Illinois, United States",New Lenox,Illinois,City,25800
"Madison, Mississippi, United States",Madison,Mississippi,City,25799
"Neenah, Wisconsin, United States",Neenah,Wisconsin,City,25792
"Alvin, Texas, United States",Alvin,Texas,City,25791
"Key West, Florida, United States",Key West,Florida,City,25755
"Randolph, New Jersey, United States",Randolph,New Jersey,City,25734
"Temple Terrace, Florida, United States",Temple Terrace,Florida,City,25731
"Owatonna, Minnesota, United States",Owatonna,Minnesota,City,25725
"Homewood, Alabama, United States",Homewood,Alabama,City,25708
"Sahuarita, Arizona, United States",Sahuarita,Arizona,City,25707
"Maple Valley, Washington, United States",Maple Valley,Washington,City,25686
"Hazelwood, Missouri, United States",Hazelwood,Missouri,City,25661
"Troy, Ohio, United States",Troy,Ohio,City,25659
"Lemoore, California, United States",Lemoore,California,City,25647
"Mint Hill, North Carolina, United States",Mint Hill,North Carolina,City,25627
"Ridgewood, New Jersey, United States",Ridgewood,New Jersey,City,25621
"Long Island City, New York, United States",Long Island City,New York,City,25595
"Cabot, Arkansas, United States",Cabot,Arkansas,City,25587
"Rhawnhurst, Pennsylvania, United States",Rhawnhurst,Pennsylvania,City,25581
"Reedley, California, United States",Reedley,California,City,25569
"Edgewood, Maryland, United States",Edgewood,Maryland,City,25562
"Meadow Woods, Florida, United States",Meadow Woods,Florida,City,25558
"South Portland, Maine, United States",South Portland,Maine,City,25556
"West Whittier-Los Nietos, California, United States",West Whittier-Los Nietos,California,City,25540
"Lebanon, Pennsylvania, United States",Lebanon,Pennsylvania,City,25534
"Zanesville, Ohio, United States",Zanesville,Ohio,City,25498
"Colleyville, Texas, United States",Colleyville,Texas,City,25487
"Canton, Georgia, United States",Canton,Georgia,City,25469
"Ossining, New York, United States",Ossining,New York,City,25441
"Salem, Virginia, United States",Salem,Virginia,City,25432
"Burlington, Iowa, United States",Burlington,Iowa,City,25410
"Saratoga Springs, Utah, United States",Saratoga Springs,Utah,City,25407
"Melrose Park, Illinois, United States",Melrose Park,Illinois,City,25379
"Starkville, Mississippi, United States",Starkville,Mississippi,City,25366
"Lochearn, Maryland, United States",Lochearn,Maryland,City,25333
"Chanhassen, Minnesota, United States",Chanhassen,Minnesota,City,25332
"Hercules, California, United States",Hercules,California,City,25314
"Galt, California, United States",Galt,California,City,25303
"Prior Lake, Minnesota, United States",Prior Lake,Minnesota,City,25282
"Castlewood, Colorado, United States",Castlewood,Colorado,City,25271
"Grandview, Missouri, United States",Grandview,Missouri,City,25256
"Clinton, Mississippi, United States",Clinton,Mississippi,City,25254
"Yarmouth, Massachusetts, United States",Yarmouth,Massachusetts,City,25243
"Sandusky, Ohio, United States",Sandusky,Ohio,City,25212
"Balch Springs, Texas, United States",Balch Springs,Texas,City,25210
"White Bear Lake, Minnesota, United States",White Bear Lake,Minnesota,City,25205
"Chaska, Minnesota, United States",Chaska,Minnesota,City,25199
"Harvey, Illinois, United States",Harvey,Illinois,City,25194
"Middle River, Maryland, United States",Middle River,Maryland,City,25191
"Woodstock, Illinois, United States",Woodstock,Illinois,City,25189
"Ardmore, Oklahoma, United States",Ardmore,Oklahoma,City,25176
"Lockport, Illinois, United States",Lockport,Illinois,City,25175
"Woodburn, Oregon, United States",Woodburn,Oregon,City,25173
"Wyandotte, Michigan, United States",Wyandotte,Michigan,City,25156
"Mauldin, South Carolina, United States",Mauldin,South Carolina,City,25135
"Belvidere, Illinois, United States",Belvidere,Illinois,City,25132
"Moscow, Idaho, United States",Moscow,Idaho,City,25060
"Milford, Massachusetts, United States",Milford,Massachusetts,City,25055
"West Memphis, Arkansas, United States",West Memphis,Arkansas,City,25052
"Athens, Ohio, United States",Athens,Ohio,City,25044
"Mercer Island, Washington, United States",Mercer Island,Washington,City,25042
"Bridgeton, New Jersey, United States",Bridgeton,New Jersey,City,25031
"Maplewood, New Jersey, United States",Maplewood,New Jersey,City,25008
"Soledad, California, United States",Soledad,California,City,25003
"Farmington, Connecticut, United States",Farmington,Connecticut,City,25000
"Brownsburg, Indiana, United States",Brownsburg,Indiana,City,24996
"Saginaw Township North, Michigan, United States",Saginaw Township North,Michigan,City,24994
"Edwardsville, Illinois, United States",Edwardsville,Illinois,City,24992
"Riverside, Ohio, United States",Riverside,Ohio,City,24972
"Athens, Alabama, United States",Athens,Alabama,City,24966
"Woodbridge, California, United States",Woodbridge,California,City,24966
"Liliha - Kapalama, Hawaii, United States",Liliha - Kapalama,Hawaii,City,24953
"Sanger, California, United States",Sanger,California,City,24950
"Westmont, Illinois, United States",Westmont,Illinois,City,24941
"Wakefield, Massachusetts, United States",Wakefield,Massachusetts,City,24932
"San Fernando, California, United States",San Fernando,California,City,24931
"Rockledge, Florida, United States",Rockledge,Florida,City,24926
"Hastings, Nebraska, United States",Hastings,Nebraska,City,24924
"Cave Spring, Virginia, United States",Cave Spring,Virginia,City,24922
"North Tustin, California, United States",North Tustin,California,City,24917
"East Amherst, New York, United States",East Amherst,New York,City,24914
"Daphne, Alabama, United States",Daphne,Alabama,City,24896
"Whitehall Township, Pennsylvania, United States",Whitehall Township,Pennsylvania,City,24896
"Paducah, Kentucky, United States",Paducah,Kentucky,City,24864
"Cliffside Park, New Jersey, United States",Cliffside Park,New Jersey,City,24857
"Elmwood Park, Illinois, United States",Elmwood Park,Illinois,City,24840
"Vineyard, California, United States",Vineyard,California,City,24836
"Lodi, New Jersey, United States",Lodi,New Jersey,City,24835
"Hazleton, Pennsylvania, United States",Hazleton,Pennsylvania,City,24825
"Coronado, California, United States",Coronado,California,City,24812
"Hillside, New York, United States",Hillside,New York,City,24808
"Eagle River, Alaska, United States",Eagle River,Alaska,City,24793
"South Salt Lake, Utah, United States",South Salt Lake,Utah,City,24788
"Paris, Texas, United States",Paris,Texas,City,24782
"Mō‘ili‘ili, Hawaii, United States",Mō‘ili‘ili,Hawaii,City,24778
"Northport, Alabama, United States",Northport,Alabama,City,24772
"University Park, Texas, United States",University Park,Texas,City,24759
"Uniondale, New York, United States",Uniondale,New York,City,24759
"Ponca City, Oklahoma, United States",Ponca City,Oklahoma,City,24758
"Muskego, Wisconsin, United States",Muskego,Wisconsin,City,24755
"Collinsville, Illinois, United States",Collinsville,Illinois,City,24754
"Reading, Massachusetts, United States",Reading,Massachusetts,City,24747
"Short Pump, Virginia, United States",Short Pump,Virginia,City,24729
"Belmont, Massachusetts, United States",Belmont,Massachusetts,City,24729
"Dedham, Massachusetts, United States",Dedham,Massachusetts,City,24729
"De Pere, Wisconsin, United States",De Pere,Wisconsin,City,24724
"Caledonia, Wisconsin, United States",Caledonia,Wisconsin,City,24684
"Inkster, Michigan, United States",Inkster,Michigan,City,24672
"Vincentown, New Jersey, United States",Vincentown,New Jersey,City,24664
"Bixby, Oklahoma, United States",Bixby,Oklahoma,City,24657
"Emporia, Kansas, United States",Emporia,Kansas,City,24649
"Fort Dodge, Iowa, United States",Fort Dodge,Iowa,City,24649
"Walker, Michigan, United States",Walker,Michigan,City,24647
"Ottumwa, Iowa, United States",Ottumwa,Iowa,City,24624
"Junction City, Kansas, United States",Junction City,Kansas,City,24621
"Seal Beach, California, United States",Seal Beach,California,City,24619
"Tarpon Springs, Florida, United States",Tarpon Springs,Florida,City,24605
"Franklin, Indiana, United States",Franklin,Indiana,City,24598
"Herndon, Virginia, United States",Herndon,Virginia,City,24568
"Austin, Minnesota, United States",Austin,Minnesota,City,24563
"Sachse, Texas, United States",Sachse,Texas,City,24554
"Sun City West, Arizona, United States",Sun City West,Arizona,City,24535
"Watauga, Texas, United States",Watauga,Texas,City,24525
"Burlington, Massachusetts, United States",Burlington,Massachusetts,City,24498
"San Benito, Texas, United States",San Benito,Texas,City,24496
"Freeport, Illinois, United States",Freeport,Illinois,City,24476
"Forest Grove, Oregon, United States",Forest Grove,Oregon,City,24457
"Palmetto Bay, Florida, United States",Palmetto Bay,Florida,City,24439
"Staunton, Virginia, United States",Staunton,Virginia,City,24416
"Selma, California, United States",Selma,California,City,24414
"South Windsor, Connecticut, United States",South Windsor,Connecticut,City,24412
"North Potomac, Maryland, United States",North Potomac,Maryland,City,24410
"Homer Glen, Illinois, United States",Homer Glen,Illinois,City,24395
"Coral Terrace, Florida, United States",Coral Terrace,Florida,City,24376
"Norfolk, Nebraska, United States",Norfolk,Nebraska,City,24366
"Ridgeland, Mississippi, United States",Ridgeland,Mississippi,City,24351
"Scaggsville, Maryland, United States",Scaggsville,Maryland,City,24333
"Cudahy, California, United States",Cudahy,California,City,24311
"Washington, Utah, United States",Washington,Utah,City,24299
"New Smyrna Beach, Florida, United States",New Smyrna Beach,Florida,City,24298
"South Plainfield, New Jersey, United States",South Plainfield,New Jersey,City,24290
"Pasadena, Maryland, United States",Pasadena,Maryland,City,24287
"Columbine, Colorado, United States",Columbine,Colorado,City,24280
"Greenbelt, Maryland, United States",Greenbelt,Maryland,City,24272
"South Riding, Virginia, United States",South Riding,Virginia,City,24256
"Citrus Park, Florida, United States",Citrus Park,Florida,City,24252
"Boca Del Mar, Florida, United States",Boca Del Mar,Florida,City,24244
"Newport, Rhode Island, United States",Newport,Rhode Island,City,24232
"Norton Shores, Michigan, United States",Norton Shores,Michigan,City,24208
"Barstow Heights, California, United States",Barstow Heights,California,City,24202
"Rockville Centre, New York, United States",Rockville Centre,New York,City,24201
"Searcy, Arkansas, United States",Searcy,Arkansas,City,24196
"North Platte, Nebraska, United States",North Platte,Nebraska,City,24194
"Rolling Meadows, Illinois, United States",Rolling Meadows,Illinois,City,24190
"Carteret, New Jersey, United States",Carteret,New Jersey,City,24170
"Immokalee, Florida, United States",Immokalee,Florida,City,24154
"Woodlawn, Illinois, United States",Woodlawn,Illinois,City,24150
"Medford, New York, United States",Medford,New York,City,24142
"Lawndale, Pennsylvania, United States",Lawndale,Pennsylvania,City,24134
"Riverbank, California, United States",Riverbank,California,City,24122
"Zion, Illinois, United States",Zion,Illinois,City,24117
"Trotwood, Ohio, United States",Trotwood,Ohio,City,24096
"North Haven, Connecticut, United States",North Haven,Connecticut,City,24093
"Summerlin South, Nevada, United States",Summerlin South,Nevada,City,24085
"Mahwah, New Jersey, United States",Mahwah,New Jersey,City,24062
"Loma Linda, California, United States",Loma Linda,California,City,24045
"Peekskill, New York, United States",Peekskill,New York,City,24043
"Keystone, Florida, United States",Keystone,Florida,City,24039
"Baldwin, New York, United States",Baldwin,New York,City,24033
"Fairfax, Virginia, United States",Fairfax,Virginia,City,24013
"Maywood, Illinois, United States",Maywood,Illinois,City,24012
"Sebastian, Florida, United States",Sebastian,Florida,City,24007
"Holt, Michigan, United States",Holt,Michigan,City,23973
"Muscatine, Iowa, United States",Muscatine,Iowa,City,23968
"Elk River, Minnesota, United States",Elk River,Minnesota,City,23963
"Rock Springs, Wyoming, United States",Rock Springs,Wyoming,City,23962
"Golden Gate, Florida, United States",Golden Gate,Florida,City,23961
"Corsicana, Texas, United States",Corsicana,Texas,City,23952
"Hialeah Gardens, Florida, United States",Hialeah Gardens,Florida,City,23926
"Waverly, Michigan, United States",Waverly,Michigan,City,23925
"Hunt Valley, Maryland, United States",Hunt Valley,Maryland,City,23915
"Fuquay-Varina, North Carolina, United States",Fuquay-Varina,North Carolina,City,23907
"Fountain Hills, Arizona, United States",Fountain Hills,Arizona,City,23899
"Unionport, New York, United States",Unionport,New York,City,23895
"Champlin, Minnesota, United States",Champlin,Minnesota,City,23894
"South Portland Gardens, Maine, United States",South Portland Gardens,Maine,City,23893
"Centerville, Ohio, United States",Centerville,Ohio,City,23882
"Bloomington, California, United States",Bloomington,California,City,23851
"Bainbridge Island, Washington, United States",Bainbridge Island,Washington,City,23840
"Morrisville, North Carolina, United States",Morrisville,North Carolina,City,23820
"Marshall, Texas, United States",Marshall,Texas,City,23820
"Watertown, Wisconsin, United States",Watertown,Wisconsin,City,23819
"Kernersville, North Carolina, United States",Kernersville,North Carolina,City,23811
"Dickinson, North Dakota, United States",Dickinson,North Dakota,City,23765
"Old Bridge, New Jersey, United States",Old Bridge,New Jersey,City,23753
"Fort Washington, Maryland, United States",Fort Washington,Maryland,City,23717
"Dinuba, California, United States",Dinuba,California,City,23702
"Van Nest, New York, United States",Van Nest,New York,City,23700
"Barstow, California, United States",Barstow,California,City,23692
"Fairland, Maryland, United States",Fairland,Maryland,City,23681
"Brookings, South Dakota, United States",Brookings,South Dakota,City,23657
"Blue Island, Illinois, United States",Blue Island,Illinois,City,23652
"Faribault, Minnesota, United States",Faribault,Minnesota,City,23650
"Chestnut Hill, Massachusetts, United States",Chestnut Hill,Massachusetts,City,23649
"Baileys Crossroads, Virginia, United States",Baileys Crossroads,Virginia,City,23643
"Eagle, Idaho, United States",Eagle,Idaho,City,23612
"Norland, Florida, United States",Norland,Florida,City,23604
"Scotch Plains, New Jersey, United States",Scotch Plains,New Jersey,City,23584
"Glenville, Ohio, United States",Glenville,Ohio,City,23559
"El Cerrito, California, United States",El Cerrito,California,City,23549
"Brandon, Mississippi, United States",Brandon,Mississippi,City,23529
"Derby, Kansas, United States",Derby,Kansas,City,23509
"Frankford, Pennsylvania, United States",Frankford,Pennsylvania,City,23503
"Graham, Washington, United States",Graham,Washington,City,23491
"Ilchester, Maryland, United States",Ilchester,Maryland,City,23476
"Bayonet Point, Florida, United States",Bayonet Point,Florida,City,23467
"Easton, Massachusetts, United States",Easton,Massachusetts,City,23459
"Loves Park, Illinois, United States",Loves Park,Illinois,City,23455
"Avon Lake, Ohio, United States",Avon Lake,Ohio,City,23453
"San Lorenzo, California, United States",San Lorenzo,California,City,23452
"Morton Grove, Illinois, United States",Morton Grove,Illinois,City,23448
"Kingston, New York, United States",Kingston,New York,City,23436
"McDonough, Georgia, United States",McDonough,Georgia,City,23417
"Romulus, Michigan, United States",Romulus,Michigan,City,23417
"Rosemount, Minnesota, United States",Rosemount,Minnesota,City,23413
"Mansfield, Massachusetts, United States",Mansfield,Massachusetts,City,23380
"Laguna Beach, California, United States",Laguna Beach,California,City,23365
"Springfield, Pennsylvania, United States",Springfield,Pennsylvania,City,23363
"Bellview, Florida, United States",Bellview,Florida,City,23355
"Manoa, Hawaii, United States",Manoa,Hawaii,City,23343
"Terrytown, Louisiana, United States",Terrytown,Louisiana,City,23319
"Crestview, Florida, United States",Crestview,Florida,City,23270
"Keene, New Hampshire, United States",Keene,New Hampshire,City,23265
"Greenwood, South Carolina, United States",Greenwood,South Carolina,City,23260
"Gallup, New Mexico, United States",Gallup,New Mexico,City,23240
"South Old Bridge, New Jersey, United States",South Old Bridge,New Jersey,City,23233
"Duncan, Oklahoma, United States",Duncan,Oklahoma,City,23231
"Griffin, Georgia, United States",Griffin,Georgia,City,23211
"Dolton, Illinois, United States",Dolton,Illinois,City,23197
"Webster Groves, Missouri, United States",Webster Groves,Missouri,City,23177
"Belton, Missouri, United States",Belton,Missouri,City,23168
"Columbus, Mississippi, United States",Columbus,Mississippi,City,23168
"Denison, Texas, United States",Denison,Texas,City,23150
"East Elmhurst, New York, United States",East Elmhurst,New York,City,23150
"Kerrville, Texas, United States",Kerrville,Texas,City,23136
"Pooler, Georgia, United States",Pooler,Georgia,City,23133
"Mequon, Wisconsin, United States",Mequon,Wisconsin,City,23132
"Vicksburg, Mississippi, United States",Vicksburg,Mississippi,City,23131
"Wright, Florida, United States",Wright,Florida,City,23127
"Morrisania, New York, United States",Morrisania,New York,City,23127
"Pacific Palisades, California, United States",Pacific Palisades,California,City,23121
"Palm City, Florida, United States",Palm City,Florida,City,23120
"Middleborough, Massachusetts, United States",Middleborough,Massachusetts,City,23116
"Arnold, Maryland, United States",Arnold,Maryland,City,23106
"Isla Vista, California, United States",Isla Vista,California,City,23096
"Vero Beach South, Florida, United States",Vero Beach South,Florida,City,23092
"Van Buren, Arkansas, United States",Van Buren,Arkansas,City,23081
"East Peoria, Illinois, United States",East Peoria,Illinois,City,23080
"Landover, Maryland, United States",Landover,Maryland,City,23078
"Windham, Connecticut, United States",Windham,Connecticut,City,23072
"Jacksonville Beach, Florida, United States",Jacksonville Beach,Florida,City,23064
"Calabasas, California, United States",Calabasas,California,City,23058
"Solon, Ohio, United States",Solon,Ohio,City,23043
"Chantilly, Virginia, United States",Chantilly,Virginia,City,23039
"Candler-McAfee, Georgia, United States",Candler-McAfee,Georgia,City,23025
"Roselle, Illinois, United States",Roselle,Illinois,City,22994
"Copiague, New York, United States",Copiague,New York,City,22993
"Westpark, California, United States",Westpark,California,City,22993
"Munster, Indiana, United States",Munster,Indiana,City,22984
"Ladera Ranch, California, United States",Ladera Ranch,California,City,22980
"Lisle, Illinois, United States",Lisle,Illinois,City,22964
"Picnic Point-North Lynnwood, Washington, United States",Picnic Point-North Lynnwood,Washington,City,22953
"East Naples, Florida, United States",East Naples,Florida,City,22951
"Crystal, Minnesota, United States",Crystal,Minnesota,City,22943
"Cloverleaf, Texas, United States",Cloverleaf,Texas,City,22942
"Dixiana, Alabama, United States",Dixiana,Alabama,City,22940
"Highland, Indiana, United States",Highland,Indiana,City,22936
"Machesney Park, Illinois, United States",Machesney Park,Illinois,City,22927
"Morgan Park, Illinois, United States",Morgan Park,Illinois,City,22924
"Noe Valley, California, United States",Noe Valley,California,City,22893
"East Tremont, New York, United States",East Tremont,New York,City,22886
"Pelham, Alabama, United States",Pelham,Alabama,City,22885
"Auburn, Maine, United States",Auburn,Maine,City,22871
"Tremont, New York, United States",Tremont,New York,City,22870
"Lincolnia, Virginia, United States",Lincolnia,Virginia,City,22855
"Valinda, California, United States",Valinda,California,City,22822
"Marysville, Ohio, United States",Marysville,Ohio,City,22817
"Haines City, Florida, United States",Haines City,Florida,City,22807
"Columbus, Nebraska, United States",Columbus,Nebraska,City,22797
"Bristol, Rhode Island, United States",Bristol,Rhode Island,City,22795
"Millbrae, California, United States",Millbrae,California,City,22795
"Newberg, Oregon, United States",Newberg,Oregon,City,22780
"The Crossings, Florida, United States",The Crossings,Florida,City,22758
"Valley Station, Kentucky, United States",Valley Station,Kentucky,City,22756
"Lennox, California, United States",Lennox,California,City,22753
"East Lake-Orient Park, Florida, United States",East Lake-Orient Park,Florida,City,22753
"Farmington, Minnesota, United States",Farmington,Minnesota,City,22731
"Wilsonville, Oregon, United States",Wilsonville,Oregon,City,22729
"Hutto, Texas, United States",Hutto,Texas,City,22722
"Bloomingdale, Florida, United States",Bloomingdale,Florida,City,22711
"West Odessa, Texas, United States",West Odessa,Texas,City,22707
"Inglewood-Finn Hill, Washington, United States",Inglewood-Finn Hill,Washington,City,22707
"Oak Harbor, Washington, United States",Oak Harbor,Washington,City,22693
"‘Ewa Gentry, Hawaii, United States",‘Ewa Gentry,Hawaii,City,22690
"Oak Ridge, Florida, United States",Oak Ridge,Florida,City,22685
"Rosemont, California, United States",Rosemont,California,City,22681
"Auburn Hills, Michigan, United States",Auburn Hills,Michigan,City,22672
"Pottstown, Pennsylvania, United States",Pottstown,Pennsylvania,City,22664
"West Puente Valley, California, United States",West Puente Valley,California,City,22636
"Maple Heights, Ohio, United States",Maple Heights,Ohio,City,22631
"Willoughby, Ohio, United States",Willoughby,Ohio,City,22631
"Benbrook, Texas, United States",Benbrook,Texas,City,22629
"Cranford, New Jersey, United States",Cranford,New Jersey,City,22627
"Garden City, New York, United States",Garden City,New York,City,22612
"Farmington, Utah, United States",Farmington,Utah,City,22566
"Wasco, Illinois, United States",Wasco,Illinois,City,22560
"Hastings, Minnesota, United States",Hastings,Minnesota,City,22554
"Avon, Ohio, United States",Avon,Ohio,City,22544
"Visitacion Valley, California, United States",Visitacion Valley,California,City,22534
"North Augusta, South Carolina, United States",North Augusta,South Carolina,City,22522
"Guilford, Connecticut, United States",Guilford,Connecticut,City,22498
"Cottage Lake, Washington, United States",Cottage Lake,Washington,City,22494
"Corcoran, California, United States",Corcoran,California,City,22477
"Melrose, New York, United States",Melrose,New York,City,22470
"East Patchogue, New York, United States",East Patchogue,New York,City,22469
"West Springfield, Virginia, United States",West Springfield,Virginia,City,22460
"Hudson, Ohio, United States",Hudson,Ohio,City,22437
"Port Hueneme, California, United States",Port Hueneme,California,City,22423
"Holiday, Florida, United States",Holiday,Florida,City,22403
"Near South Side, Illinois, United States",Near South Side,Illinois,City,22401
"Radcliff, Kentucky, United States",Radcliff,Kentucky,City,22387
"Hopewell, Virginia, United States",Hopewell,Virginia,City,22378
"New Castle, Pennsylvania, United States",New Castle,Pennsylvania,City,22375
"Grand Boulevard, Illinois, United States",Grand Boulevard,Illinois,City,22373
"South Elgin, Illinois, United States",South Elgin,Illinois,City,22365
"Prichard, Alabama, United States",Prichard,Alabama,City,22351
"New Brighton, Minnesota, United States",New Brighton,Minnesota,City,22351
"Anniston, Alabama, United States",Anniston,Alabama,City,22347
"Palm Springs, Florida, United States",Palm Springs,Florida,City,22341
"Ruston, Louisiana, United States",Ruston,Louisiana,City,22340
"Wilmington, Massachusetts, United States",Wilmington,Massachusetts,City,22325
"Midlothian, Texas, United States",Midlothian,Texas,City,22318
"Oxford, Mississippi, United States",Oxford,Mississippi,City,22314
"Oakdale, California, United States",Oakdale,California,City,22259
"Darien, Illinois, United States",Darien,Illinois,City,22256
"Bloomingdale, Illinois, United States",Bloomingdale,Illinois,City,22254
"Northwood, California, United States",Northwood,California,City,22218
"Venice, Florida, United States",Venice,Florida,City,22211
"Ludlow, Massachusetts, United States",Ludlow,Massachusetts,City,22201
"South Bradenton, Florida, United States",South Bradenton,Florida,City,22178
"Hillside, New Jersey, United States",Hillside,New Jersey,City,22155
"North Plainfield, New Jersey, United States",North Plainfield,New Jersey,City,22140
"Acworth, Georgia, United States",Acworth,Georgia,City,22131
"Pascagoula, Mississippi, United States",Pascagoula,Mississippi,City,22126
"Sunny Isles Beach, Florida, United States",Sunny Isles Beach,Florida,City,22123
"Roseburg, Oregon, United States",Roseburg,Oregon,City,22114
"Oxford, Ohio, United States",Oxford,Ohio,City,22104
"Merrick, New York, United States",Merrick,New York,City,22097
"Somerset, New Jersey, United States",Somerset,New Jersey,City,22083
"Moses Lake, Washington, United States",Moses Lake,Washington,City,22082
"Saginaw, Texas, United States",Saginaw,Texas,City,22079
"Greater Northdale, Florida, United States",Greater Northdale,Florida,City,22079
"Northdale, Florida, United States",Northdale,Florida,City,22079
"Summit, New Jersey, United States",Summit,New Jersey,City,22074
"Watertown, South Dakota, United States",Watertown,South Dakota,City,22073
"Alliance, Ohio, United States",Alliance,Ohio,City,22055
"Kalispell, Montana, United States",Kalispell,Montana,City,22052
"South Holland, Illinois, United States",South Holland,Illinois,City,22043
"Kenmore, Washington, United States",Kenmore,Washington,City,22030
"Del City, Oklahoma, United States",Del City,Oklahoma,City,22022
"Derry, New Hampshire, United States",Derry,New Hampshire,City,22015
"Hamtramck, Michigan, United States",Hamtramck,Michigan,City,22002
"Great Kills, New York, United States",Great Kills,New York,City,22000
"Wekiwa Springs, Florida, United States",Wekiwa Springs,Florida,City,21998
"Leesburg, Florida, United States",Leesburg,Florida,City,21993
"Duarte, California, United States",Duarte,California,City,21990
"Converse, Texas, United States",Converse,Texas,City,21987
"Villa Park, Illinois, United States",Villa Park,Illinois,City,21969
"Decatur, Georgia, United States",Decatur,Georgia,City,21957
"Park Forest, Illinois, United States",Park Forest,Illinois,City,21954
"Christiansburg, Virginia, United States",Christiansburg,Virginia,City,21943
"Jurupa Valley, California, United States",Jurupa Valley,California,City,21930
"Logan, Pennsylvania, United States",Logan,Pennsylvania,City,21926
"Ashland, California, United States",Ashland,California,City,21925
"West and East Lealman, Florida, United States",West and East Lealman,Florida,City,21924
"Farragut, Tennessee, United States",Farragut,Tennessee,City,21919
"La Porte, Indiana, United States",La Porte,Indiana,City,21916
"Prairie Village, Kansas, United States",Prairie Village,Kansas,City,21877
"Smithfield, Rhode Island, United States",Smithfield,Rhode Island,City,21872
"Clarksville, Indiana, United States",Clarksville,Indiana,City,21866
"Wadsworth, Ohio, United States",Wadsworth,Ohio,City,21860
"Camas, Washington, United States",Camas,Washington,City,21846
"Fort Walton Beach, Florida, United States",Fort Walton Beach,Florida,City,21817
"Geneva, Illinois, United States",Geneva,Illinois,City,21806
"Brent, Florida, United States",Brent,Florida,City,21804
"South Euclid, Ohio, United States",South Euclid,Ohio,City,21794
"Brushy Creek, Texas, United States",Brushy Creek,Texas,City,21764
"Windsor, Colorado, United States",Windsor,Colorado,City,21751
"Westchase, Florida, United States",Westchase,Florida,City,21747
"Sugar Hill, Georgia, United States",Sugar Hill,Georgia,City,21747
"Chillicothe, Ohio, United States",Chillicothe,Ohio,City,21727
"South Lake Tahoe, California, United States",South Lake Tahoe,California,City,21706
"Anthem, Arizona, United States",Anthem,Arizona,City,21700
"West Carson, California, United States",West Carson,California,City,21699
"Massapequa, New York, United States",Massapequa,New York,City,21685
"Canton, Massachusetts, United States",Canton,Massachusetts,City,21679
"Roselle, New Jersey, United States",Roselle,New Jersey,City,21670
"Lincoln, Rhode Island, United States",Lincoln,Rhode Island,City,21670
"Lumberton, North Carolina, United States",Lumberton,North Carolina,City,21667
"Taylors, South Carolina, United States",Taylors,South Carolina,City,21617
"Yucca Valley, California, United States",Yucca Valley,California,City,21600
"Westford, Massachusetts, United States",Westford,Massachusetts,City,21587
"Rittenhouse, Pennsylvania, United States",Rittenhouse,Pennsylvania,City,21582
"Edgewater, Florida, United States",Edgewater,Florida,City,21566
"Allison Park, Pennsylvania, United States",Allison Park,Pennsylvania,City,21552
"Bloomfield, Connecticut, United States",Bloomfield,Connecticut,City,21535
"Bay Point, California, United States",Bay Point,California,City,21534
"Portsmouth, New Hampshire, United States",Portsmouth,New Hampshire,City,21530
"Sedalia, Missouri, United States",Sedalia,Missouri,City,21516
"Naples, Florida, United States",Naples,Florida,City,21512
"Patterson, California, United States",Patterson,California,City,21498
"Greenfield, Indiana, United States",Greenfield,Indiana,City,21497
"Waynesboro, Virginia, United States",Waynesboro,Virginia,City,21491
"Albertville, Alabama, United States",Albertville,Alabama,City,21462
"Wissinoming, Pennsylvania, United States",Wissinoming,Pennsylvania,City,21445
"Stoneham, Massachusetts, United States",Stoneham,Massachusetts,City,21437
"Tustin Legacy, California, United States",Tustin Legacy,California,City,21428
"Basking Ridge, New Jersey, United States",Basking Ridge,New Jersey,City,21424
"Perrysburg, Ohio, United States",Perrysburg,Ohio,City,21423
"Erie, Colorado, United States",Erie,Colorado,City,21420
"Klamath Falls, Oregon, United States",Klamath Falls,Oregon,City,21399
"Clinton, Utah, United States",Clinton,Utah,City,21399
"Green Valley, Arizona, United States",Green Valley,Arizona,City,21391
"Evans, Colorado, United States",Evans,Colorado,City,21383
"Mandan, North Dakota, United States",Mandan,North Dakota,City,21382
"Winchester, Massachusetts, United States",Winchester,Massachusetts,City,21374
"Okemos, Michigan, United States",Okemos,Michigan,City,21369
"Arnold, Missouri, United States",Arnold,Missouri,City,21357
"East Moline, Illinois, United States",East Moline,Illinois,City,21350
"West Pensacola, Florida, United States",West Pensacola,Florida,City,21339
"Kinston, North Carolina, United States",Kinston,North Carolina,City,21337
"Shelbyville, Tennessee, United States",Shelbyville,Tennessee,City,21317
"Marquette, Michigan, United States",Marquette,Michigan,City,21297
"Fairfield Heights, Indiana, United States",Fairfield Heights,Indiana,City,21285
"Biddeford, Maine, United States",Biddeford,Maine,City,21282
"Golden Valley, Minnesota, United States",Golden Valley,Minnesota,City,21270
"Canyon Lake, Texas, United States",Canyon Lake,Texas,City,21262
"Conda, Idaho, United States",Conda,Idaho,City,21260
"Oxford, Alabama, United States",Oxford,Alabama,City,21249
"South Milwaukee, Wisconsin, United States",South Milwaukee,Wisconsin,City,21233
"Marina, California, United States",Marina,California,City,21229
"Mukilteo, Washington, United States",Mukilteo,Washington,City,21226
"Rancho San Diego, California, United States",Rancho San Diego,California,City,21208
"Charleston, Illinois, United States",Charleston,Illinois,City,21196
"Bedford, New Hampshire, United States",Bedford,New Hampshire,City,21188
"Carrboro, North Carolina, United States",Carrboro,North Carolina,City,21156
"Crest Hill, Illinois, United States",Crest Hill,Illinois,City,21153
"Saint Andrews, South Carolina, United States",Saint Andrews,South Carolina,City,21151
"Ashland, Kentucky, United States",Ashland,Kentucky,City,21108
"Hays, Kansas, United States",Hays,Kansas,City,21092
"Ferguson, Missouri, United States",Ferguson,Missouri,City,21059
"Conway, South Carolina, United States",Conway,South Carolina,City,21053
"Laurelton, New York, United States",Laurelton,New York,City,21053
"Lino Lakes, Minnesota, United States",Lino Lakes,Minnesota,City,21050
"West Lake Stevens, Washington, United States",West Lake Stevens,Washington,City,21047
"New Hope, Minnesota, United States",New Hope,Minnesota,City,21032
"Palm River-Clair Mel, Florida, United States",Palm River-Clair Mel,Florida,City,21024
"Trussville, Alabama, United States",Trussville,Alabama,City,21023
"Woodrow, New York, United States",Woodrow,New York,City,21005
"Corinth, Texas, United States",Corinth,Texas,City,20998
"Mountlake Terrace, Washington, United States",Mountlake Terrace,Washington,City,20989
"Chester, Virginia, United States",Chester,Virginia,City,20987
"Nixa, Missouri, United States",Nixa,Missouri,City,20984
"East Ridge, Tennessee, United States",East Ridge,Tennessee,City,20979
"Plainview, Texas, United States",Plainview,Texas,City,20919
"Grayslake, Illinois, United States",Grayslake,Illinois,City,20915
"Agoura Hills, California, United States",Agoura Hills,California,City,20915
"Acton, Massachusetts, United States",Acton,Massachusetts,City,20897
"Sanford, Maine, United States",Sanford,Maine,City,20893
"Silver Firs, Washington, United States",Silver Firs,Washington,City,20891
"Hauppauge, New York, United States",Hauppauge,New York,City,20882
"Kīhei, Hawaii, United States",Kīhei,Hawaii,City,20881
"South El Monte, California, United States",South El Monte,California,City,20878
"Kaimukī, Hawaii, United States",Kaimukī,Hawaii,City,20878
"Arvin, California, United States",Arvin,California,City,20876
"Johnston, Iowa, United States",Johnston,Iowa,City,20871
"Gardner, Kansas, United States",Gardner,Kansas,City,20868
"Lathrop, California, United States",Lathrop,California,City,20866
"Ashland, Oregon, United States",Ashland,Oregon,City,20861
"Sidney, Ohio, United States",Sidney,Ohio,City,20858
"Birmingham, Michigan, United States",Birmingham,Michigan,City,20857
"Sweetwater, Florida, United States",Sweetwater,Florida,City,20840
"Milwaukie, Oregon, United States",Milwaukie,Oregon,City,20830
"East Millcreek, Utah, United States",East Millcreek,Utah,City,20816
"Grand Island, New York, United States",Grand Island,New York,City,20813
"Union City, Georgia, United States",Union City,Georgia,City,20805
"Woodlawn, Virginia, United States",Woodlawn,Virginia,City,20804
"Piqua, Ohio, United States",Piqua,Ohio,City,20790
"Lomita, California, United States",Lomita,California,City,20785
"Cockeysville, Maryland, United States",Cockeysville,Maryland,City,20776
"Easley, South Carolina, United States",Easley,South Carolina,City,20765
"New Springville, New York, United States",New Springville,New York,City,20756
"Pleasantville, New Jersey, United States",Pleasantville,New Jersey,City,20755
"Liberal, Kansas, United States",Liberal,Kansas,City,20746
"Palisades Park, New Jersey, United States",Palisades Park,New Jersey,City,20743
"Jenks, Oklahoma, United States",Jenks,Oklahoma,City,20740
"Simpsonville, South Carolina, United States",Simpsonville,South Carolina,City,20736
"Latham, New York, United States",Latham,New York,City,20736
"Darien, Connecticut, United States",Darien,Connecticut,City,20732
"Pleasant Prairie, Wisconsin, United States",Pleasant Prairie,Wisconsin,City,20726
"Mountain Brook, Alabama, United States",Mountain Brook,Alabama,City,20691
"Chambersburg, Pennsylvania, United States",Chambersburg,Pennsylvania,City,20691
"Adrian, Michigan, United States",Adrian,Michigan,City,20691
"West Melbourne, Florida, United States",West Melbourne,Florida,City,20679
"East Garfield Park, Illinois, United States",East Garfield Park,Illinois,City,20656
"Rotterdam, New York, United States",Rotterdam,New York,City,20652
"Lakeside, California, United States",Lakeside,California,City,20648
"Kalihi Valley, Hawaii, United States",Kalihi Valley,Hawaii,City,20647
"Bethany, Oregon, United States",Bethany,Oregon,City,20646
"Lake Worth Corridor, Florida, United States",Lake Worth Corridor,Florida,City,20635
"Winter Gardens, California, United States",Winter Gardens,California,City,20631
"Lockport, New York, United States",Lockport,New York,City,20624
"Lebanon, Ohio, United States",Lebanon,Ohio,City,20623
"Wade Hampton, South Carolina, United States",Wade Hampton,South Carolina,City,20622
"Murphy, Texas, United States",Murphy,Texas,City,20610
"Coralville, Iowa, United States",Coralville,Iowa,City,20608
"Ensley, Florida, United States",Ensley,Florida,City,20602
"Sapulpa, Oklahoma, United States",Sapulpa,Oklahoma,City,20579
"American Canyon, California, United States",American Canyon,California,City,20554
"South San Jose Hills, California, United States",South San Jose Hills,California,City,20551
"Belton, Texas, United States",Belton,Texas,City,20547
"Agoura, California, United States",Agoura,California,City,20537
"Bayville, New Jersey, United States",Bayville,New Jersey,City,20512
"Arbutus, Maryland, United States",Arbutus,Maryland,City,20483
"Hammond, Louisiana, United States",Hammond,Louisiana,City,20480
"Libertyville, Illinois, United States",Libertyville,Illinois,City,20436
"Pittsburg, Kansas, United States",Pittsburg,Kansas,City,20409
"Portsmouth, Ohio, United States",Portsmouth,Ohio,City,20409
"Granite Bay, California, United States",Granite Bay,California,City,20402
"Charlestown, Massachusetts, United States",Charlestown,Massachusetts,City,20397
"Louisville, Colorado, United States",Louisville,Colorado,City,20396
"Northfield, Minnesota, United States",Northfield,Minnesota,City,20380
"Rocky River, Ohio, United States",Rocky River,Ohio,City,20376
"Raymore, Missouri, United States",Raymore,Missouri,City,20374
"Middletown, Delaware, United States",Middletown,Delaware,City,20372
"Havelock, North Carolina, United States",Havelock,North Carolina,City,20364
"Harvey, Louisiana, United States",Harvey,Louisiana,City,20348
"Gardner, Massachusetts, United States",Gardner,Massachusetts,City,20333
"Golden, Colorado, United States",Golden,Colorado,City,20330
"Douglas, Illinois, United States",Douglas,Illinois,City,20323
"Cartersville, Georgia, United States",Cartersville,Georgia,City,20319
"Ashland, Ohio, United States",Ashland,Ohio,City,20317
"Oakleaf Plantation, Florida, United States",Oakleaf Plantation,Florida,City,20315
"Affton, Missouri, United States",Affton,Missouri,City,20307
"Ramona, California, United States",Ramona,California,City,20292
"Cambria Heights, New York, United States",Cambria Heights,New York,City,20287
"Elmwood Park, New Jersey, United States",Elmwood Park,New Jersey,City,20279
"Elko, Nevada, United States",Elko,Nevada,City,20279
"Hollis, New York, United States",Hollis,New York,City,20269
"Brooklyn Heights, New York, United States",Brooklyn Heights,New York,City,20256
"Nogales, Arizona, United States",Nogales,Arizona,City,20252
"Parma Heights, Ohio, United States",Parma Heights,Ohio,City,20246
"La Cañada Flintridge, California, United States",La Cañada Flintridge,California,City,20246
"Mustang, Oklahoma, United States",Mustang,Oklahoma,City,20226
"Rose Hill, Virginia, United States",Rose Hill,Virginia,City,20226
"East Northport, New York, United States",East Northport,New York,City,20217
"Glen Avon, California, United States",Glen Avon,California,City,20199
"Sulphur, Louisiana, United States",Sulphur,Louisiana,City,20189
"Shelby, North Carolina, United States",Shelby,North Carolina,City,20189
"Montville Center, Connecticut, United States",Montville Center,Connecticut,City,20180
"Ferndale, Michigan, United States",Ferndale,Michigan,City,20177
"South Saint Paul, Minnesota, United States",South Saint Paul,Minnesota,City,20160
"Lynn Haven, Florida, United States",Lynn Haven,Florida,City,20156
"Lents, Oregon, United States",Lents,Oregon,City,20156
"Lake Ronkonkoma, New York, United States",Lake Ronkonkoma,New York,City,20155
"Millburn, New Jersey, United States",Millburn,New Jersey,City,20149
"Lexington, South Carolina, United States",Lexington,South Carolina,City,20138
"Murrysville, Pennsylvania, United States",Murrysville,Pennsylvania,City,20134
"Cumberland, Maryland, United States",Cumberland,Maryland,City,20130
"Stephenville, Texas, United States",Stephenville,Texas,City,20120
"Oregon, Ohio, United States",Oregon,Ohio,City,20102
"Eastmont, Washington, United States",Eastmont,Washington,City,20101
"Monroe, Michigan, United States",Monroe,Michigan,City,20092
"Coconut Grove, Florida, United States",Coconut Grove,Florida,City,20076
"West Mifflin, Pennsylvania, United States",West Mifflin,Pennsylvania,City,20075
"Haddington, Pennsylvania, United States",Haddington,Pennsylvania,City,20073
"Mill Creek, Washington, United States",Mill Creek,Washington,City,20043
"Pace, Florida, United States",Pace,Florida,City,20039
"Miamisburg, Ohio, United States",Miamisburg,Ohio,City,20034
"Palm Valley, Florida, United States",Palm Valley,Florida,City,20019
"Rolla, Missouri, United States",Rolla,Missouri,City,20019
"Tukwila, Washington, United States",Tukwila,Washington,City,20018
"New Caney, Texas, United States",New Caney,Texas,City,20000
"DeBary, Florida, United States",DeBary,Florida,City,19998
"Lyndhurst, New Jersey, United States",Lyndhurst,New Jersey,City,19996
"Lake Zurich, Illinois, United States",Lake Zurich,Illinois,City,19993
"Germantown, Wisconsin, United States",Germantown,Wisconsin,City,19993
"Bryant, Arkansas, United States",Bryant,Arkansas,City,19986
"Eustis, Florida, United States",Eustis,Florida,City,19986
"Universal City, Texas, United States",Universal City,Texas,City,19986
"Newburg, Kentucky, United States",Newburg,Kentucky,City,19967
"Johnstown, Pennsylvania, United States",Johnstown,Pennsylvania,City,19966
"Socastee, South Carolina, United States",Socastee,South Carolina,City,19952
"Ypsilanti, Michigan, United States",Ypsilanti,Michigan,City,19945
"North Bellmore, New York, United States",North Bellmore,New York,City,19941
"King of Prussia, Pennsylvania, United States",King of Prussia,Pennsylvania,City,19936
"Hayesville, Oregon, United States",Hayesville,Oregon,City,19936
"Cortlandt Manor, New York, United States",Cortlandt Manor,New York,City,19929
"Warrensburg, Missouri, United States",Warrensburg,Missouri,City,19927
"Mokena, Illinois, United States",Mokena,Illinois,City,19923
"Norwood, Ohio, United States",Norwood,Ohio,City,19915
"Mariners Harbor, New York, United States",Mariners Harbor,New York,City,19905
"Bonney Lake, Washington, United States",Bonney Lake,Washington,City,19903
"Dickinson, Texas, United States",Dickinson,Texas,City,19895
"Clifton, Colorado, United States",Clifton,Colorado,City,19889
"Lealman, Florida, United States",Lealman,Florida,City,19879
"Waikīkī, Hawaii, United States",Waikīkī,Hawaii,City,19862
"Hermosa Beach, California, United States",Hermosa Beach,California,City,19860
"Selden, New York, United States",Selden,New York,City,19851
"Clemmons, North Carolina, United States",Clemmons,North Carolina,City,19844
"West Chester, Pennsylvania, United States",West Chester,Pennsylvania,City,19842
"Evergreen Park, Illinois, United States",Evergreen Park,Illinois,City,19841
"Southbury, Connecticut, United States",Southbury,Connecticut,City,19836
"Baldwin, Pennsylvania, United States",Baldwin,Pennsylvania,City,19819
"Marblehead, Massachusetts, United States",Marblehead,Massachusetts,City,19808
"Norton, Massachusetts, United States",Norton,Massachusetts,City,19808
"Plattsburgh, New York, United States",Plattsburgh,New York,City,19806
"North Salt Lake, Utah, United States",North Salt Lake,Utah,City,19796
"Sand Springs, Oklahoma, United States",Sand Springs,Oklahoma,City,19783
"Painesville, Ohio, United States",Painesville,Ohio,City,19776
"Diamond Head / Kapahulu / Saint Louis Heights, Hawaii, United States",Diamond Head / Kapahulu / Saint Louis Heights,Hawaii,City,19769
"Greenfield, Massachusetts, United States",Greenfield,Massachusetts,City,19753
"Hartranft, Pennsylvania, United States",Hartranft,Pennsylvania,City,19748
"Pickerington, Ohio, United States",Pickerington,Ohio,City,19745
"New Canaan, Connecticut, United States",New Canaan,Connecticut,City,19738
"Albany, California, United States",Albany,California,City,19735
"Snellville, Georgia, United States",Snellville,Georgia,City,19733
"Fox Chase, Pennsylvania, United States",Fox Chase,Pennsylvania,City,19730
"Sparta, New Jersey, United States",Sparta,New Jersey,City,19722
"Columbia Heights, Minnesota, United States",Columbia Heights,Minnesota,City,19715
"Holtsville, New York, United States",Holtsville,New York,City,19714
"Salmon Creek, Washington, United States",Salmon Creek,Washington,City,19686
"Kingsessing, Pennsylvania, United States",Kingsessing,Pennsylvania,City,19668
"La Crescenta-Montrose, California, United States",La Crescenta-Montrose,California,City,19653
"Spanish Lake, Missouri, United States",Spanish Lake,Missouri,City,19650
"Willmar, Minnesota, United States",Willmar,Minnesota,City,19638
"Tysons, Virginia, United States",Tysons,Virginia,City,19627
"Forest Lake, Minnesota, United States",Forest Lake,Minnesota,City,19618
"Bethany, Oklahoma, United States",Bethany,Oklahoma,City,19589
"Sun City, California, United States",Sun City,California,City,19579
"Montclair, Virginia, United States",Montclair,Virginia,City,19570
"Lynbrook, New York, United States",Lynbrook,New York,City,19558
"Orchards, Washington, United States",Orchards,Washington,City,19556
"Eastchester, New York, United States",Eastchester,New York,City,19554
"Payson, Utah, United States",Payson,Utah,City,19548
"West Saint Paul, Minnesota, United States",West Saint Paul,Minnesota,City,19540
"Madisonville, Kentucky, United States",Madisonville,Kentucky,City,19539
"Ives Estates, Florida, United States",Ives Estates,Florida,City,19525
"Selma, Alabama, United States",Selma,Alabama,City,19519
"Papillion, Nebraska, United States",Papillion,Nebraska,City,19510
"Montgomery, Illinois, United States",Montgomery,Illinois,City,19489
"Badger, Alaska, United States",Badger,Alaska,City,19482
"Seymour, Indiana, United States",Seymour,Indiana,City,19478
"Lake Shore, Maryland, United States",Lake Shore,Maryland,City,19477
"McKeesport, Pennsylvania, United States",McKeesport,Pennsylvania,City,19453
"Pinecrest, Florida, United States",Pinecrest,Florida,City,19452
"Weirton Heights, West Virginia, United States",Weirton Heights,West Virginia,City,19450
"Port Angeles, Washington, United States",Port Angeles,Washington,City,19448
"Hazel Dell, Washington, United States",Hazel Dell,Washington,City,19435
"Angleton, Texas, United States",Angleton,Texas,City,19429
"Fernley, Nevada, United States",Fernley,Nevada,City,19418
"Alice, Texas, United States",Alice,Texas,City,19408
"Lake Forest, Illinois, United States",Lake Forest,Illinois,City,19408
"Battle Ground, Washington, United States",Battle Ground,Washington,City,19407
"Dixon, California, United States",Dixon,California,City,19390
"Forest Park, Georgia, United States",Forest Park,Georgia,City,19383
"Mamaroneck, New York, United States",Mamaroneck,New York,City,19375
"Homewood, Illinois, United States",Homewood,Illinois,City,19373
"Bear, Delaware, United States",Bear,Delaware,City,19371
"Bayou Cane, Louisiana, United States",Bayou Cane,Louisiana,City,19355
"Orange, Texas, United States",Orange,Texas,City,19347
"Alsip, Illinois, United States",Alsip,Illinois,City,19346
"Lutz, Florida, United States",Lutz,Florida,City,19344
"Green Haven, Maryland, United States",Green Haven,Maryland,City,19326
"Lexington, North Carolina, United States",Lexington,North Carolina,City,19326
"Bellwood, Illinois, United States",Bellwood,Illinois,City,19308
"Clayton, North Carolina, United States",Clayton,North Carolina,City,19304
"Central Falls, Rhode Island, United States",Central Falls,Rhode Island,City,19303
"Sun Valley, Nevada, United States",Sun Valley,Nevada,City,19299
"Horizon City, Texas, United States",Horizon City,Texas,City,19288
"Sherwood, Oregon, United States",Sherwood,Oregon,City,19283
"Waterford, Connecticut, United States",Waterford,Connecticut,City,19281
"Orinda, California, United States",Orinda,California,City,19279
"Pinole, California, United States",Pinole,California,City,19269
"Woodbridge, New Jersey, United States",Woodbridge,New Jersey,City,19265
"Sun City Center, Florida, United States",Sun City Center,Florida,City,19258
"Rosedale, Maryland, United States",Rosedale,Maryland,City,19257
"Altamont, Oregon, United States",Altamont,Oregon,City,19257
"Howard, Wisconsin, United States",Howard,Wisconsin,City,19250
"Niu Valley, Hawaii, United States",Niu Valley,Hawaii,City,19250
"Alamo, Texas, United States",Alamo,Texas,City,19246
"Broadview Heights, Ohio, United States",Broadview Heights,Ohio,City,19229
"Upper Saint Clair, Pennsylvania, United States",Upper Saint Clair,Pennsylvania,City,19229
"Haslett, Michigan, United States",Haslett,Michigan,City,19220
"West Elsdon, Illinois, United States",West Elsdon,Illinois,City,19219
"Newton, Kansas, United States",Newton,Kansas,City,19216
"Glassboro, New Jersey, United States",Glassboro,New Jersey,City,19216
"Altus, Oklahoma, United States",Altus,Oklahoma,City,19214
"Blythe, California, United States",Blythe,California,City,19208
"Silverdale, Washington, United States",Silverdale,Washington,City,19204
"Covington, Washington, United States",Covington,Washington,City,19197
"Matteson, Illinois, United States",Matteson,Illinois,City,19195
"Tumwater, Washington, United States",Tumwater,Washington,City,19190
"Old Jamestown, Missouri, United States",Old Jamestown,Missouri,City,19184
"Weirton, West Virginia, United States",Weirton,West Virginia,City,19175
"White Oak, Ohio, United States",White Oak,Ohio,City,19167
"Carlisle, Pennsylvania, United States",Carlisle,Pennsylvania,City,19143
"Mineola, New York, United States",Mineola,New York,City,19139
"Shelbyville, Indiana, United States",Shelbyville,Indiana,City,19133
"Tullahoma, Tennessee, United States",Tullahoma,Tennessee,City,19128
"Ozark, Missouri, United States",Ozark,Missouri,City,19120
"Secaucus, New Jersey, United States",Secaucus,New Jersey,City,19104
"Jacksonville, Illinois, United States",Jacksonville,Illinois,City,19103
"Fairwood, Washington, United States",Fairwood,Washington,City,19102
"Madison, Connecticut, United States",Madison,Connecticut,City,19100
"Camp Springs, Maryland, United States",Camp Springs,Maryland,City,19096
"Ronkonkoma, New York, United States",Ronkonkoma,New York,City,19082
"Saco, Maine, United States",Saco,Maine,City,19078
"Maple Shade, New Jersey, United States",Maple Shade,New Jersey,City,19077
"Hawthorne, New Jersey, United States",Hawthorne,New Jersey,City,19074
"Fresno, Texas, United States",Fresno,Texas,City,19069
"East Massapequa, New York, United States",East Massapequa,New York,City,19069
"Amherst Center, Massachusetts, United States",Amherst Center,Massachusetts,City,19065
"Montrose, Colorado, United States",Montrose,Colorado,City,19062
"Brownwood, Texas, United States",Brownwood,Texas,City,19031
"Southbridge, Massachusetts, United States",Southbridge,Massachusetts,City,19030
"Deerfield, Illinois, United States",Deerfield,Illinois,City,19019
"Castaic, California, United States",Castaic,California,City,19015
"Ennis, Texas, United States",Ennis,Texas,City,19007
"Ellensburg, Washington, United States",Ellensburg,Washington,City,19001
"Claremore, Oklahoma, United States",Claremore,Oklahoma,City,18997
"Waukee, Iowa, United States",Waukee,Iowa,City,18990
"Jasmine Estates, Florida, United States",Jasmine Estates,Florida,City,18989
"Melville, New York, United States",Melville,New York,City,18985
"Kew Gardens, New York, United States",Kew Gardens,New York,City,18983
"Middleton, Wisconsin, United States",Middleton,Wisconsin,City,18979
"Bartow, Florida, United States",Bartow,Florida,City,18972
"Sylvania, Ohio, United States",Sylvania,Ohio,City,18965
"Rio Rico, Arizona, United States",Rio Rico,Arizona,City,18962
"Ala Moana - Kakaako, Hawaii, United States",Ala Moana - Kakaako,Hawaii,City,18957
"Murray, Kentucky, United States",Murray,Kentucky,City,18954
"Arlington, Washington, United States",Arlington,Washington,City,18949
"North Druid Hills, Georgia, United States",North Druid Hills,Georgia,City,18947
"Brookfield, Illinois, United States",Brookfield,Illinois,City,18944
"North Bay Shore, New York, United States",North Bay Shore,New York,City,18944
"Stonegate, California, United States",Stonegate,California,City,18938
"Avon, Connecticut, United States",Avon,Connecticut,City,18932
"Milledgeville, Georgia, United States",Milledgeville,Georgia,City,18931
"Stillwater, Minnesota, United States",Stillwater,Minnesota,City,18924
"Cortland, New York, United States",Cortland,New York,City,18907
"Augusta, Maine, United States",Augusta,Maine,City,18899
"Berea, Ohio, United States",Berea,Ohio,City,18874
"Twinsburg, Ohio, United States",Twinsburg,Ohio,City,18872
"Wantagh, New York, United States",Wantagh,New York,City,18871
"West Hempstead, New York, United States",West Hempstead,New York,City,18862
"Ansonia, Connecticut, United States",Ansonia,Connecticut,City,18854
"Troy, Alabama, United States",Troy,Alabama,City,18853
"Mayfield Heights, Ohio, United States",Mayfield Heights,Ohio,City,18840
"Laurel, Mississippi, United States",Laurel,Mississippi,City,18837
"Syosset, New York, United States",Syosset,New York,City,18829
"Brook Park, Ohio, United States",Brook Park,Ohio,City,18809
"Union Hill-Novelty Hill, Washington, United States",Union Hill-Novelty Hill,Washington,City,18805
"Erlanger, Kentucky, United States",Erlanger,Kentucky,City,18797
"Rossville, New York, United States",Rossville,New York,City,18792
"South Burlington, Vermont, United States",South Burlington,Vermont,City,18791
"Mount Greenwood, Illinois, United States",Mount Greenwood,Illinois,City,18783
"Casa de Oro-Mount Helix, California, United States",Casa de Oro-Mount Helix,California,City,18762
"Langley Park, Maryland, United States",Langley Park,Maryland,City,18755
"Brigham City, Utah, United States",Brigham City,Utah,City,18752
"Thomasville, Georgia, United States",Thomasville,Georgia,City,18742
"Fairmont, West Virginia, United States",Fairmont,West Virginia,City,18733
"Fairhope, Alabama, United States",Fairhope,Alabama,City,18730
"Mission Hill, Massachusetts, United States",Mission Hill,Massachusetts,City,18722
"Greater Upper Marlboro, Maryland, United States",Greater Upper Marlboro,Maryland,City,18720
"Frederickson, Washington, United States",Frederickson,Washington,City,18719
"Iselin, New Jersey, United States",Iselin,New Jersey,City,18695
"Suwanee, Georgia, United States",Suwanee,Georgia,City,18694
"Whitehall, Ohio, United States",Whitehall,Ohio,City,18694
"Rutherford, New Jersey, United States",Rutherford,New Jersey,City,18690
"Islip, New York, United States",Islip,New York,City,18689
"Forest Park, Ohio, United States",Forest Park,Ohio,City,18676
"Westminster, Maryland, United States",Westminster,Maryland,City,18670
"Frankfort, Illinois, United States",Frankfort,Illinois,City,18653
"Niles, Ohio, United States",Niles,Ohio,City,18651
"Marshfield, Wisconsin, United States",Marshfield,Wisconsin,City,18620
"Lorton, Virginia, United States",Lorton,Virginia,City,18610
"Morristown, New Jersey, United States",Morristown,New Jersey,City,18594
"Gautier, Mississippi, United States",Gautier,Mississippi,City,18570
"Bourbonnais, Illinois, United States",Bourbonnais,Illinois,City,18569
"Goodings Grove, Illinois, United States",Goodings Grove,Illinois,City,18569
"Macomb, Illinois, United States",Macomb,Illinois,City,18547
"Point Pleasant, New Jersey, United States",Point Pleasant,New Jersey,City,18523
"Bellaire, Texas, United States",Bellaire,Texas,City,18518
"El Reno, Oklahoma, United States",El Reno,Oklahoma,City,18516
"East Mount Airy, Pennsylvania, United States",East Mount Airy,Pennsylvania,City,18516
"Chowchilla, California, United States",Chowchilla,California,City,18510
"Mead Valley, California, United States",Mead Valley,California,City,18510
"Hyattsville, Maryland, United States",Hyattsville,Maryland,City,18501
"Happy Valley, Oregon, United States",Happy Valley,Oregon,City,18493
"Onalaska, Wisconsin, United States",Onalaska,Wisconsin,City,18468
"Round Lake, Illinois, United States",Round Lake,Illinois,City,18461
"Stafford, Texas, United States",Stafford,Texas,City,18459
"Yorkville, Illinois, United States",Yorkville,Illinois,City,18451
"Winchester, Kentucky, United States",Winchester,Kentucky,City,18446
"North Ogden, Utah, United States",North Ogden,Utah,City,18446
"Bensenville, Illinois, United States",Bensenville,Illinois,City,18440
"Forney, Texas, United States",Forney,Texas,City,18418
"Monsey, New York, United States",Monsey,New York,City,18412
"Fern Creek, Kentucky, United States",Fern Creek,Kentucky,City,18409
"Shenandoah, Louisiana, United States",Shenandoah,Louisiana,City,18399
"El Dorado, Arkansas, United States",El Dorado,Arkansas,City,18386
"Trenton, Michigan, United States",Trenton,Michigan,City,18380
"Ashtabula, Ohio, United States",Ashtabula,Ohio,City,18371
"Natchitoches, Louisiana, United States",Natchitoches,Louisiana,City,18365
"Cudahy, Wisconsin, United States",Cudahy,Wisconsin,City,18353
"Dover, New Jersey, United States",Dover,New Jersey,City,18346
"Ottawa, Illinois, United States",Ottawa,Illinois,City,18342
"Shafter, California, United States",Shafter,California,City,18336
"Midlothian, Virginia, United States",Midlothian,Virginia,City,18320
"Amesbury, Massachusetts, United States",Amesbury,Massachusetts,City,18313
"Franklin Park, Illinois, United States",Franklin Park,Illinois,City,18312
"Meadowbrook, Virginia, United States",Meadowbrook,Virginia,City,18312
"McAlester, Oklahoma, United States",McAlester,Oklahoma,City,18310
"Punta Gorda Isles, Florida, United States",Punta Gorda Isles,Florida,City,18306
"Palestine, Texas, United States",Palestine,Texas,City,18288
"Sherrelwood, Colorado, United States",Sherrelwood,Colorado,City,18287
"Creve Coeur, Missouri, United States",Creve Coeur,Missouri,City,18276
"Ballenger Creek, Maryland, United States",Ballenger Creek,Maryland,City,18274
"Cinco Ranch, Texas, United States",Cinco Ranch,Texas,City,18274
"Helena, Alabama, United States",Helena,Alabama,City,18264
"Palmer, Massachusetts, United States",Palmer,Massachusetts,City,18261
"Belle Glade, Florida, United States",Belle Glade,Florida,City,18251
"Makakilo, Hawaii, United States",Makakilo,Hawaii,City,18248
"Franconia, Virginia, United States",Franconia,Virginia,City,18245
"Eastlake, Ohio, United States",Eastlake,Ohio,City,18232
"Manchester, Missouri, United States",Manchester,Missouri,City,18229
"Cameron Park, California, United States",Cameron Park,California,City,18228
"Steubenville, Ohio, United States",Steubenville,Ohio,City,18219
"Springboro, Ohio, United States",Springboro,Ohio,City,18213
"Wallingford Center, Connecticut, United States",Wallingford Center,Connecticut,City,18209
"Lanham-Seabrook, Maryland, United States",Lanham-Seabrook,Maryland,City,18190
"Clark-Fulton, Ohio, United States",Clark-Fulton,Ohio,City,18185
"Farmington, Missouri, United States",Farmington,Missouri,City,18181
"Pampa, Texas, United States",Pampa,Texas,City,18177
"Somerset, Massachusetts, United States",Somerset,Massachusetts,City,18165
"Florida Ridge, Florida, United States",Florida Ridge,Florida,City,18164
"Five Corners, Washington, United States",Five Corners,Washington,City,18159
"Boone, North Carolina, United States",Boone,North Carolina,City,18156
"Seminole, Florida, United States",Seminole,Florida,City,18153
"Punta Gorda, Florida, United States",Punta Gorda,Florida,City,18150
"Rosamond, California, United States",Rosamond,California,City,18150
"Cutler, Florida, United States",Cutler,Florida,City,18117
"Mattoon, Illinois, United States",Mattoon,Illinois,City,18113
"Arroyo Grande, California, United States",Arroyo Grande,California,City,18108
"Anacortes, Washington, United States",Anacortes,Washington,City,18103
"Monroe, Washington, United States",Monroe,Washington,City,18090
"Rancho Mirage, California, United States",Rancho Mirage,California,City,18083
"Limerick, Pennsylvania, United States",Limerick,Pennsylvania,City,18074
"Mililani Mauka / Launani Valley, Hawaii, United States",Mililani Mauka / Launani Valley,Hawaii,City,18072
"Wilton, Connecticut, United States",Wilton,Connecticut,City,18062
"Huntington, New York, United States",Huntington,New York,City,18046
"Ojus, Florida, United States",Ojus,Florida,City,18036
"Santa Fe Springs, California, United States",Santa Fe Springs,California,City,18026
"Vincennes, Indiana, United States",Vincennes,Indiana,City,18012
"Amsterdam, New York, United States",Amsterdam,New York,City,18008
"Durango, Colorado, United States",Durango,Colorado,City,18006
"Dumont, New Jersey, United States",Dumont,New Jersey,City,18001
"Hanahan, South Carolina, United States",Hanahan,South Carolina,City,17997
"Central Point, Oregon, United States",Central Point,Oregon,City,17995
"Highland, Utah, United States",Highland,Utah,City,17989
"Elizabeth City, North Carolina, United States",Elizabeth City,North Carolina,City,17988
"Newburyport, Massachusetts, United States",Newburyport,Massachusetts,City,17982
"Rockland, Massachusetts, United States",Rockland,Massachusetts,City,17982
"Westbrook, Maine, United States",Westbrook,Maine,City,17978
"St. Marys, Georgia, United States",St. Marys,Georgia,City,17968
"Cary, Illinois, United States",Cary,Illinois,City,17965
"Lackawanna, New York, United States",Lackawanna,New York,City,17965
"Westerly, Rhode Island, United States",Westerly,Rhode Island,City,17936
"Maumelle, Arkansas, United States",Maumelle,Arkansas,City,17931
"Leland, North Carolina, United States",Leland,North Carolina,City,17924
"Wisconsin Rapids, Wisconsin, United States",Wisconsin Rapids,Wisconsin,City,17897
"Lenoir, North Carolina, United States",Lenoir,North Carolina,City,17888
"North Massapequa, New York, United States",North Massapequa,New York,City,17886
"Scarsdale, New York, United States",Scarsdale,New York,City,17885
"Nanuet, New York, United States",Nanuet,New York,City,17882
"Gretna, Louisiana, United States",Gretna,Louisiana,City,17880
"Sheridan, Wyoming, United States",Sheridan,Wyoming,City,17873
"North Amityville, New York, United States",North Amityville,New York,City,17862
"Tacony, Pennsylvania, United States",Tacony,Pennsylvania,City,17846
"Arcata, California, United States",Arcata,California,City,17843
"Hannibal, Missouri, United States",Hannibal,Missouri,City,17839
"Wahiawā, Hawaii, United States",Wahiawā,Hawaii,City,17821
"Colonial Heights, Virginia, United States",Colonial Heights,Virginia,City,17820
"Marion, Illinois, United States",Marion,Illinois,City,17803
"Colonia, New Jersey, United States",Colonia,New Jersey,City,17795
"Logansport, Indiana, United States",Logansport,Indiana,City,17793
"Oswego, New York, United States",Oswego,New York,City,17787
"Linda, California, United States",Linda,California,City,17773
"Tinton Falls, New Jersey, United States",Tinton Falls,New Jersey,City,17772
"Godfrey, Illinois, United States",Godfrey,Illinois,City,17759
"Portsmouth, Rhode Island, United States",Portsmouth,Rhode Island,City,17756
"Times Square, New York, United States",Times Square,New York,City,17749
"West Garfield Park, Illinois, United States",West Garfield Park,Illinois,City,17742
"Willimantic, Connecticut, United States",Willimantic,Connecticut,City,17737
"Calverton, Maryland, United States",Calverton,Maryland,City,17724
"Oxon Hill, Maryland, United States",Oxon Hill,Maryland,City,17722
"Takoma Park, Maryland, United States",Takoma Park,Maryland,City,17713
"Wallingford, Connecticut, United States",Wallingford,Connecticut,City,17712
"Sycamore, Illinois, United States",Sycamore,Illinois,City,17712
"Cocoa, Florida, United States",Cocoa,Florida,City,17711
"Martinsburg, West Virginia, United States",Martinsburg,West Virginia,City,17700
"Marco Island, Florida, United States",Marco Island,Florida,City,17690
"Tiffin, Ohio, United States",Tiffin,Ohio,City,17687
"Hunting Park, Pennsylvania, United States",Hunting Park,Pennsylvania,City,17682
"Albert Lea, Minnesota, United States",Albert Lea,Minnesota,City,17674
"South Hadley, Massachusetts, United States",South Hadley,Massachusetts,City,17652
"Juniata Park, Pennsylvania, United States",Juniata Park,Pennsylvania,City,17643
"Shaw, District of Columbia, United States",Shaw,District of Columbia,City,17639
"Ocean Springs, Mississippi, United States",Ocean Springs,Mississippi,City,17636
"Hinsdale, Illinois, United States",Hinsdale,Illinois,City,17628
"New Castle, Indiana, United States",New Castle,Indiana,City,17621
"Winthrop, Massachusetts, United States",Winthrop,Massachusetts,City,17618
"Lindenwold, New Jersey, United States",Lindenwold,New Jersey,City,17613
"Kenwood, Illinois, United States",Kenwood,Illinois,City,17601
"Bay City, Texas, United States",Bay City,Texas,City,17598
"Hopkins, Minnesota, United States",Hopkins,Minnesota,City,17591
"Allendale, Michigan, United States",Allendale,Michigan,City,17579
"University City, Pennsylvania, United States",University City,Pennsylvania,City,17578
"Back Bay, Massachusetts, United States",Back Bay,Massachusetts,City,17577
"Menasha, Wisconsin, United States",Menasha,Wisconsin,City,17572
"Palos Hills, Illinois, United States",Palos Hills,Illinois,City,17565
"Prunedale, California, United States",Prunedale,California,City,17560
"Culpeper, Virginia, United States",Culpeper,Virginia,City,17557
"Stevenson Ranch, California, United States",Stevenson Ranch,California,City,17557
"South Houston, Texas, United States",South Houston,Texas,City,17544
"Kirksville, Missouri, United States",Kirksville,Missouri,City,17520
"Tallmadge, Ohio, United States",Tallmadge,Ohio,City,17512
"North Babylon, New York, United States",North Babylon,New York,City,17509
"Mesquite, Nevada, United States",Mesquite,Nevada,City,17496
"New Philadelphia, Ohio, United States",New Philadelphia,Ohio,City,17484
"Saint Matthews, Kentucky, United States",Saint Matthews,Kentucky,City,17472
"Maitland, Florida, United States",Maitland,Florida,City,17463
"North Aurora, Illinois, United States",North Aurora,Illinois,City,17456
"Safety Harbor, Florida, United States",Safety Harbor,Florida,City,17454
"North Canton, Ohio, United States",North Canton,Ohio,City,17441
"East Hemet, California, United States",East Hemet,California,City,17418
"White Oak, Maryland, United States",White Oak,Maryland,City,17403
"Radford, Virginia, United States",Radford,Virginia,City,17403
"Tillmans Corner, Alabama, United States",Tillmans Corner,Alabama,City,17398
"Nicetown-Tioga, Pennsylvania, United States",Nicetown-Tioga,Pennsylvania,City,17382
"Detroit-Shoreway, Ohio, United States",Detroit-Shoreway,Ohio,City,17382
"Wilton, New York, United States",Wilton,New York,City,17361
"Anoka, Minnesota, United States",Anoka,Minnesota,City,17350
"East Cleveland, Ohio, United States",East Cleveland,Ohio,City,17344
"Sudbury, Massachusetts, United States",Sudbury,Massachusetts,City,17343
"Plainville, Connecticut, United States",Plainville,Connecticut,City,17328
"Ada, Oklahoma, United States",Ada,Oklahoma,City,17303
"Middletown, Rhode Island, United States",Middletown,Rhode Island,City,17303
"Glassmanor, Maryland, United States",Glassmanor,Maryland,City,17295
"South Orange, New Jersey, United States",South Orange,New Jersey,City,17295
"Idylwood, Virginia, United States",Idylwood,Virginia,City,17288
"Seabrook, Maryland, United States",Seabrook,Maryland,City,17287
"Durant, Oklahoma, United States",Durant,Oklahoma,City,17286
"Killingly Center, Connecticut, United States",Killingly Center,Connecticut,City,17282
"Kings Park, New York, United States",Kings Park,New York,City,17282
"Canby, Oregon, United States",Canby,Oregon,City,17271
"Poplar Bluff, Missouri, United States",Poplar Bluff,Missouri,City,17266
"Moraga, California, United States",Moraga,California,City,17256
"Redland, Maryland, United States",Redland,Maryland,City,17242
"Massapequa Park, New York, United States",Massapequa Park,New York,City,17232
"Kuna, Idaho, United States",Kuna,Idaho,City,17226
"Foley, Alabama, United States",Foley,Alabama,City,17218
"Ruskin, Florida, United States",Ruskin,Florida,City,17208
"Hermiston, Oregon, United States",Hermiston,Oregon,City,17201
"Nederland, Texas, United States",Nederland,Texas,City,17196
"Greenfield, California, United States",Greenfield,California,City,17184
"Ashwaubenon, Wisconsin, United States",Ashwaubenon,Wisconsin,City,17176
"Live Oak, California, United States",Live Oak,California,City,17158
"Bristol, Virginia, United States",Bristol,Virginia,City,17141
"Frankford, Maryland, United States",Frankford,Maryland,City,17135
"Okolona, Kentucky, United States",Okolona,Kentucky,City,17134
"Bayside, California, United States",Bayside,California,City,17132
"Wyckoff, New Jersey, United States",Wyckoff,New Jersey,City,17124
"Woodmere, New York, United States",Woodmere,New York,City,17121
"Huntington, Indiana, United States",Huntington,Indiana,City,17095
"Imperial, California, United States",Imperial,California,City,17095
"Wayne, Michigan, United States",Wayne,Michigan,City,17081
"White Settlement, Texas, United States",White Settlement,Texas,City,17077
"Eloy, Arizona, United States",Eloy,Arizona,City,17059
"Beckley, West Virginia, United States",Beckley,West Virginia,City,17056
"Broad Ripple, Indiana, United States",Broad Ripple,Indiana,City,17041
"El Segundo, California, United States",El Segundo,California,City,17037
"Holden, Massachusetts, United States",Holden,Massachusetts,City,17016
"Avenel, New Jersey, United States",Avenel,New Jersey,City,17011
"East Setauket, New York, United States",East Setauket,New York,City,17006
"Goodlettsville, Tennessee, United States",Goodlettsville,Tennessee,City,16994
"Fayetteville, Georgia, United States",Fayetteville,Georgia,City,16990
"Elmwood, Pennsylvania, United States",Elmwood,Pennsylvania,City,16988
"Colchester, Vermont, United States",Colchester,Vermont,City,16986
"Altoona, Iowa, United States",Altoona,Iowa,City,16984
"Terrell, Texas, United States",Terrell,Texas,City,16981
"Point Breeze, Pennsylvania, United States",Point Breeze,Pennsylvania,City,16977
"Artesia, California, United States",Artesia,California,City,16961
"South Ogden, Utah, United States",South Ogden,Utah,City,16955
"La Vista, Nebraska, United States",La Vista,Nebraska,City,16921
"Hanover, Massachusetts, United States",Hanover,Massachusetts,City,16906
"Tanque Verde, Arizona, United States",Tanque Verde,Arizona,City,16901
"Glenvar Heights, Florida, United States",Glenvar Heights,Florida,City,16898
"Pendleton, Oregon, United States",Pendleton,Oregon,City,16881
"Centerville, Utah, United States",Centerville,Utah,City,16877
"Parkside, California, United States",Parkside,California,City,16874
"Sayville, New York, United States",Sayville,New York,City,16853
"Clarksdale, Mississippi, United States",Clarksdale,Mississippi,City,16847
"Fairview Heights, Illinois, United States",Fairview Heights,Illinois,City,16827
"Norwalk, Ohio, United States",Norwalk,Ohio,City,16827
"San Carlos Park, Florida, United States",San Carlos Park,Florida,City,16824
"Concord, Massachusetts, United States",Concord,Massachusetts,City,16810
"Springfield, Tennessee, United States",Springfield,Tennessee,City,16808
"New Milford, New Jersey, United States",New Milford,New Jersey,City,16801
"North Attleborough Center, Massachusetts, United States",North Attleborough Center,Massachusetts,City,16796
"Country Club Hills, Illinois, United States",Country Club Hills,Illinois,City,16795
"Lemont, Illinois, United States",Lemont,Illinois,City,16788
"Sartell, Minnesota, United States",Sartell,Minnesota,City,16788
"Parkwood Manor, Pennsylvania, United States",Parkwood Manor,Pennsylvania,City,16787
"Dyersburg, Tennessee, United States",Dyersburg,Tennessee,City,16781
"Defiance, Ohio, United States",Defiance,Ohio,City,16776
"Beltsville, Maryland, United States",Beltsville,Maryland,City,16772
"Centralia, Washington, United States",Centralia,Washington,City,16753
"Chalmette, Louisiana, United States",Chalmette,Louisiana,City,16751
"Shorewood, Illinois, United States",Shorewood,Illinois,City,16747
"Ferndale, Maryland, United States",Ferndale,Maryland,City,16746
"Mount Vernon, Ohio, United States",Mount Vernon,Ohio,City,16742
"Westchester, Illinois, United States",Westchester,Illinois,City,16729
"Bluffton, South Carolina, United States",Bluffton,South Carolina,City,16728
"Tifton, Georgia, United States",Tifton,Georgia,City,16725
"Auburn, Massachusetts, United States",Auburn,Massachusetts,City,16724
"Nipomo, California, United States",Nipomo,California,City,16714
"Laurel, Virginia, United States",Laurel,Virginia,City,16713
"Taylor, Texas, United States",Taylor,Texas,City,16702
"North Decatur, Georgia, United States",North Decatur,Georgia,City,16698
"Morganton, North Carolina, United States",Morganton,North Carolina,City,16692
"Danville, Kentucky, United States",Danville,Kentucky,City,16690
"Denville, New Jersey, United States",Denville,New Jersey,City,16669
"Barrington, Rhode Island, United States",Barrington,Rhode Island,City,16669
"Washington, Illinois, United States",Washington,Illinois,City,16664
"Phoenixville, Pennsylvania, United States",Phoenixville,Pennsylvania,City,16658
"Mercedes, Texas, United States",Mercedes,Texas,City,16657
"Center Point, Alabama, United States",Center Point,Alabama,City,16655
"Lemay, Missouri, United States",Lemay,Missouri,City,16645
"Wolcott, Connecticut, United States",Wolcott,Connecticut,City,16639
"Norcross, Georgia, United States",Norcross,Georgia,City,16634
"Troutdale, Oregon, United States",Troutdale,Oregon,City,16631
"Oak Grove, Oregon, United States",Oak Grove,Oregon,City,16629
"North Valley Stream, New York, United States",North Valley Stream,New York,City,16628
"Easton, Maryland, United States",Easton,Maryland,City,16617
"Easthampton, Massachusetts, United States",Easthampton,Massachusetts,City,16611
"Bothell West, Washington, United States",Bothell West,Washington,City,16607
"Tahlequah, Oklahoma, United States",Tahlequah,Oklahoma,City,16598
"Hazel Park, Michigan, United States",Hazel Park,Michigan,City,16597
"Douglas, Arizona, United States",Douglas,Arizona,City,16592
"Opelousas, Louisiana, United States",Opelousas,Louisiana,City,16591
"Grafton, Massachusetts, United States",Grafton,Massachusetts,City,16583
"Sandalfoot Cove, Florida, United States",Sandalfoot Cove,Florida,City,16582
"Brenham, Texas, United States",Brenham,Texas,City,16579
"Opa-locka, Florida, United States",Opa-locka,Florida,City,16565
"Beaver Dam, Wisconsin, United States",Beaver Dam,Wisconsin,City,16564
"Coalinga, California, United States",Coalinga,California,City,16564
"Seymour, Connecticut, United States",Seymour,Connecticut,City,16562
"Jenison, Michigan, United States",Jenison,Michigan,City,16538
"Cohoes, New York, United States",Cohoes,New York,City,16538
"Swansea, Massachusetts, United States",Swansea,Massachusetts,City,16525
"Donna, Texas, United States",Donna,Texas,City,16523
"Vienna, Virginia, United States",Vienna,Virginia,City,16522
"Pinewood, Florida, United States",Pinewood,Florida,City,16520
"Lansdale, Pennsylvania, United States",Lansdale,Pennsylvania,City,16512
"Sevierville, Tennessee, United States",Sevierville,Tennessee,City,16490
"Chickasha, Oklahoma, United States",Chickasha,Oklahoma,City,16488
"Kingsland, Georgia, United States",Kingsland,Georgia,City,16487
"Lower Moyamensing, Pennsylvania, United States",Lower Moyamensing,Pennsylvania,City,16481
"Uvalde, Texas, United States",Uvalde,Texas,City,16476
"Hillcrest Heights, Maryland, United States",Hillcrest Heights,Maryland,City,16469
"Stuart, Florida, United States",Stuart,Florida,City,16462
"Fairhaven, Massachusetts, United States",Fairhaven,Massachusetts,City,16453
"Avon, Indiana, United States",Avon,Indiana,City,16451
"Zachary, Louisiana, United States",Zachary,Louisiana,City,16448
"Red Wing, Minnesota, United States",Red Wing,Minnesota,City,16445
"Sikeston, Missouri, United States",Sikeston,Missouri,City,16436
"Bethpage, New York, United States",Bethpage,New York,City,16429
"Concord, Missouri, United States",Concord,Missouri,City,16421
"Flowing Wells, Arizona, United States",Flowing Wells,Arizona,City,16419
"‘Ewa Beach, Hawaii, United States",‘Ewa Beach,Hawaii,City,16415
"Bridgeview, Illinois, United States",Bridgeview,Illinois,City,16407
"Fairview Park, Ohio, United States",Fairview Park,Ohio,City,16407
"Laguna Woods, California, United States",Laguna Woods,California,City,16406
"Mount Clemens, Michigan, United States",Mount Clemens,Michigan,City,16400
"Cañon City, Colorado, United States",Cañon City,Colorado,City,16400
"Saint Michael, Minnesota, United States",Saint Michael,Minnesota,City,16399
"South River, New Jersey, United States",South River,New Jersey,City,16399
"Fort Thomas, Kentucky, United States",Fort Thomas,Kentucky,City,16398
"Sunset, Florida, United States",Sunset,Florida,City,16389
"Prospect Heights, Illinois, United States",Prospect Heights,Illinois,City,16386
"Griffith, Indiana, United States",Griffith,Indiana,City,16378
"Estelle, Louisiana, United States",Estelle,Louisiana,City,16377
"Schofield Barracks, Hawaii, United States",Schofield Barracks,Hawaii,City,16370
"Bon Air, Virginia, United States",Bon Air,Virginia,City,16366
"Oconomowoc, Wisconsin, United States",Oconomowoc,Wisconsin,City,16360
"Hough, Ohio, United States",Hough,Ohio,City,16359
"Vero Beach, Florida, United States",Vero Beach,Florida,City,16358
"Sunnyside, Washington, United States",Sunnyside,Washington,City,16325
"Lebanon, Oregon, United States",Lebanon,Oregon,City,16324
"Bayshore Gardens, Florida, United States",Bayshore Gardens,Florida,City,16323
"Streetsboro, Ohio, United States",Streetsboro,Ohio,City,16312
"Calhoun, Georgia, United States",Calhoun,Georgia,City,16309
"Fishtown, Pennsylvania, United States",Fishtown,Pennsylvania,City,16307
"Morton, Illinois, United States",Morton,Illinois,City,16306
"Menomonie, Wisconsin, United States",Menomonie,Wisconsin,City,16305
"Truckee, California, United States",Truckee,California,City,16299
"Fremont, Ohio, United States",Fremont,Ohio,City,16297
"Buckhall, Virginia, United States",Buckhall,Virginia,City,16293
"Gainesville, Texas, United States",Gainesville,Texas,City,16292
"Aberdeen, Washington, United States",Aberdeen,Washington,City,16276
"Baychester, New York, United States",Baychester,New York,City,16274
"Hopatcong Hills, New Jersey, United States",Hopatcong Hills,New Jersey,City,16267
"Waterville, Maine, United States",Waterville,Maine,City,16261
"Oroville, California, United States",Oroville,California,City,16260
"Roosevelt, New York, United States",Roosevelt,New York,City,16258
"Laconia, New Hampshire, United States",Laconia,New Hampshire,City,16227
"Bellmore, New York, United States",Bellmore,New York,City,16218
"Nuuanu - Punchbowl, Hawaii, United States",Nuuanu - Punchbowl,Hawaii,City,16205
"Hibbing, Minnesota, United States",Hibbing,Minnesota,City,16204
"Sudley, Virginia, United States",Sudley,Virginia,City,16203
"Dublin, Georgia, United States",Dublin,Georgia,City,16197
"Kuliouou - Kalani Iki, Hawaii, United States",Kuliouou - Kalani Iki,Hawaii,City,16195
"Coos Bay, Oregon, United States",Coos Bay,Oregon,City,16182
"Hope Mills, North Carolina, United States",Hope Mills,North Carolina,City,16163
"Cimarron Hills, Colorado, United States",Cimarron Hills,Colorado,City,16161
"Katy, Texas, United States",Katy,Texas,City,16158
"Brunswick, Georgia, United States",Brunswick,Georgia,City,16157
"Clarksburg, West Virginia, United States",Clarksburg,West Virginia,City,16152
"Jollyville, Texas, United States",Jollyville,Texas,City,16151
"Highland Village, Texas, United States",Highland Village,Texas,City,16149
"Ocean Acres, New Jersey, United States",Ocean Acres,New Jersey,City,16142
"Wolf Trap, Virginia, United States",Wolf Trap,Virginia,City,16131
"Madison, New Jersey, United States",Madison,New Jersey,City,16126
"Portland, Texas, United States",Portland,Texas,City,16116
"Midway, Florida, United States",Midway,Florida,City,16115
"Sulphur Springs, Texas, United States",Sulphur Springs,Texas,City,16098
"Maryland City, Maryland, United States",Maryland City,Maryland,City,16093
"Siloam Springs, Arkansas, United States",Siloam Springs,Arkansas,City,16081
"Ham Lake, Minnesota, United States",Ham Lake,Minnesota,City,16062
"West Columbia, South Carolina, United States",West Columbia,South Carolina,City,16060
"Frankfort, Indiana, United States",Frankfort,Indiana,City,16060
"Mount Pleasant, Texas, United States",Mount Pleasant,Texas,City,16051
"Dyer, Indiana, United States",Dyer,Indiana,City,16051
"Rye, New York, United States",Rye,New York,City,16046
"Fort Hunt, Virginia, United States",Fort Hunt,Virginia,City,16045
"Americus, Georgia, United States",Americus,Georgia,City,16028
"Hermitage, Pennsylvania, United States",Hermitage,Pennsylvania,City,16028
"Buffalo, Minnesota, United States",Buffalo,Minnesota,City,16026
"Crawfordsville, Indiana, United States",Crawfordsville,Indiana,City,16024
"Lake Mary, Florida, United States",Lake Mary,Florida,City,16021
"Republic, Missouri, United States",Republic,Missouri,City,16005
"Albemarle, North Carolina, United States",Albemarle,North Carolina,City,16003
"Cherry Hill, Virginia, United States",Cherry Hill,Virginia,City,16000
"El Camino Real, California, United States",El Camino Real,California,City,15999
"Country Walk, Florida, United States",Country Walk,Florida,City,15997
"Riverdale, Georgia, United States",Riverdale,Georgia,City,15989
"Abington, Massachusetts, United States",Abington,Massachusetts,City,15985
"Floral Park, New York, United States",Floral Park,New York,City,15969
"Prosper, Texas, United States",Prosper,Texas,City,15967
"Walnut Park, California, United States",Walnut Park,California,City,15966
"Pecan Grove, Texas, United States",Pecan Grove,Texas,City,15963
"Overland, Missouri, United States",Overland,Missouri,City,15959
"Grandville, Michigan, United States",Grandville,Michigan,City,15953
"Four Corners, Oregon, United States",Four Corners,Oregon,City,15947
"Sunland Park, New Mexico, United States",Sunland Park,New Mexico,City,15940
"North Liberty, Iowa, United States",North Liberty,Iowa,City,15931
"Burlington, Kentucky, United States",Burlington,Kentucky,City,15926
"Parole, Maryland, United States",Parole,Maryland,City,15922
"Vincent, California, United States",Vincent,California,City,15922
"Southchase, Florida, United States",Southchase,Florida,City,15921
"Ukiah, California, United States",Ukiah,California,City,15917
"La Marque, Texas, United States",La Marque,Texas,City,15908
"North Arlington, New Jersey, United States",North Arlington,New Jersey,City,15904
"La Palma, California, United States",La Palma,California,City,15904
"Seagoville, Texas, United States",Seagoville,Texas,City,15894
"Lebanon, Indiana, United States",Lebanon,Indiana,City,15892
"Clayton, Missouri, United States",Clayton,Missouri,City,15884
"Pearl River, New York, United States",Pearl River,New York,City,15876
"Conyers, Georgia, United States",Conyers,Georgia,City,15875
"Myrtle Grove, Florida, United States",Myrtle Grove,Florida,City,15870
"Aldine, Texas, United States",Aldine,Texas,City,15869
"Narragansett, Rhode Island, United States",Narragansett,Rhode Island,City,15868
"Kaukauna, Wisconsin, United States",Kaukauna,Wisconsin,City,15854
"Port Washington, New York, United States",Port Washington,New York,City,15846
"New Port Richey, Florida, United States",New Port Richey,Florida,City,15842
"Aurora, Ohio, United States",Aurora,Ohio,City,15838
"Adams Morgan, District of Columbia, United States",Adams Morgan,District of Columbia,City,15830
"Rutland, Vermont, United States",Rutland,Vermont,City,15824
"Asbury Park, New Jersey, United States",Asbury Park,New Jersey,City,15818
"Lutherville-Timonium, Maryland, United States",Lutherville-Timonium,Maryland,City,15814
"UC Irvine, California, United States",UC Irvine,California,City,15807
"Ashland, Massachusetts, United States",Ashland,Massachusetts,City,15802
"Hybla Valley, Virginia, United States",Hybla Valley,Virginia,City,15801
"Longmeadow, Massachusetts, United States",Longmeadow,Massachusetts,City,15784
"Elkton, Maryland, United States",Elkton,Maryland,City,15782
"Strawberry Mansion, Pennsylvania, United States",Strawberry Mansion,Pennsylvania,City,15778
"Grosse Pointe Woods, Michigan, United States",Grosse Pointe Woods,Michigan,City,15762
"Alton, Texas, United States",Alton,Texas,City,15760
"Pinehurst, North Carolina, United States",Pinehurst,North Carolina,City,15752
"Groves, Texas, United States",Groves,Texas,City,15750
"West University Place, Texas, United States",West University Place,Texas,City,15741
"Orient Heights, Massachusetts, United States",Orient Heights,Massachusetts,City,15741
"Wilkinsburg, Pennsylvania, United States",Wilkinsburg,Pennsylvania,City,15731
"Manassas Park, Virginia, United States",Manassas Park,Virginia,City,15726
"Willow Grove, Pennsylvania, United States",Willow Grove,Pennsylvania,City,15726
"Gatesville, Texas, United States",Gatesville,Texas,City,15724
"Avon Center, Ohio, United States",Avon Center,Ohio,City,15724
"La Grange, Illinois, United States",La Grange,Illinois,City,15723
"Great Bend, Kansas, United States",Great Bend,Kansas,City,15717
"Shively, Kentucky, United States",Shively,Kentucky,City,15713
"Highland Springs, Virginia, United States",Highland Springs,Virginia,City,15711
"Hueytown, Alabama, United States",Hueytown,Alabama,City,15710
"Talladega, Alabama, United States",Talladega,Alabama,City,15709
"New Haven, Indiana, United States",New Haven,Indiana,City,15709
"Mill Creek East, Washington, United States",Mill Creek East,Washington,City,15709
"Koolauloa, Hawaii, United States",Koolauloa,Hawaii,City,15697
"Middleburg Heights, Ohio, United States",Middleburg Heights,Ohio,City,15696
"Pacific Grove, California, United States",Pacific Grove,California,City,15674
"Mitchell, South Dakota, United States",Mitchell,South Dakota,City,15669
"Humble, Texas, United States",Humble,Texas,City,15665
"Greenwood Village, Colorado, United States",Greenwood Village,Colorado,City,15663
"Bryn Mawr-Skyway, Washington, United States",Bryn Mawr-Skyway,Washington,City,15645
"Bradley, Illinois, United States",Bradley,Illinois,City,15617
"McKinley Park, Illinois, United States",McKinley Park,Illinois,City,15612
"Elkridge, Maryland, United States",Elkridge,Maryland,City,15593
"Aberdeen, Maryland, United States",Aberdeen,Maryland,City,15580
"North Myrtle Beach, South Carolina, United States",North Myrtle Beach,South Carolina,City,15579
"Williamstown, New Jersey, United States",Williamstown,New Jersey,City,15567
"Long Beach, Mississippi, United States",Long Beach,Mississippi,City,15555
"Otsego, Minnesota, United States",Otsego,Minnesota,City,15551
"Boulder City, Nevada, United States",Boulder City,Nevada,City,15551
"Fillmore, California, United States",Fillmore,California,City,15548
"Lake Wales, Florida, United States",Lake Wales,Florida,City,15541
"Alum Rock, California, United States",Alum Rock,California,City,15536
"Addison, Texas, United States",Addison,Texas,City,15518
"East Riverdale, Maryland, United States",East Riverdale,Maryland,City,15509
"Laurinburg, North Carolina, United States",Laurinburg,North Carolina,City,15507
"Hernando, Mississippi, United States",Hernando,Mississippi,City,15503
"Hurricane, Utah, United States",Hurricane,Utah,City,15501
"Plainfield, Connecticut, United States",Plainfield,Connecticut,City,15498
"Hanover, Pennsylvania, United States",Hanover,Pennsylvania,City,15496
"Lithia Springs, Georgia, United States",Lithia Springs,Georgia,City,15491
"Farmingville, New York, United States",Farmingville,New York,City,15481
"Mastic, New York, United States",Mastic,New York,City,15481
"Setauket-East Setauket, New York, United States",Setauket-East Setauket,New York,City,15477
"Harrison, New Jersey, United States",Harrison,New Jersey,City,15474
"Martha Lake, Washington, United States",Martha Lake,Washington,City,15473
"Port Richmond, New York, United States",Port Richmond,New York,City,15470
"Indianola, Iowa, United States",Indianola,Iowa,City,15467
"Perry, Georgia, United States",Perry,Georgia,City,15457
"Atwater Village, California, United States",Atwater Village,California,City,15455
"Jasper, Indiana, United States",Jasper,Indiana,City,15451
"Winder, Georgia, United States",Winder,Georgia,City,15447
"Clive, Iowa, United States",Clive,Iowa,City,15447
"Clemson, South Carolina, United States",Clemson,South Carolina,City,15446
"Greenwood, Mississippi, United States",Greenwood,Mississippi,City,15431
"Tavares, Florida, United States",Tavares,Florida,City,15430
"Great Falls, Virginia, United States",Great Falls,Virginia,City,15427
"Jamestown, North Dakota, United States",Jamestown,North Dakota,City,15422
"Terrace Heights, New York, United States",Terrace Heights,New York,City,15421
"Emerson Hill, New York, United States",Emerson Hill,New York,City,15412
"Avocado Heights, California, United States",Avocado Heights,California,City,15411
"Eden, North Carolina, United States",Eden,North Carolina,City,15403
"Bay Village, Ohio, United States",Bay Village,Ohio,City,15402
"Lake Butler, Florida, United States",Lake Butler,Florida,City,15400
"Makakilo City, Hawaii, United States",Makakilo City,Hawaii,City,15383
"Westbury, New York, United States",Westbury,New York,City,15379
"Bostonia, California, United States",Bostonia,California,City,15379
"Iona, Florida, United States",Iona,Florida,City,15369
"Dickson, Tennessee, United States",Dickson,Tennessee,City,15359
"Newport, Kentucky, United States",Newport,Kentucky,City,15354
"Cullman, Alabama, United States",Cullman,Alabama,City,15350
"Live Oak, Texas, United States",Live Oak,Texas,City,15346
"Roanoke Rapids, North Carolina, United States",Roanoke Rapids,North Carolina,City,15345
"Payson, Arizona, United States",Payson,Arizona,City,15345
"Storrs, Connecticut, United States",Storrs,Connecticut,City,15344
"The Dalles, Oregon, United States",The Dalles,Oregon,City,15340
"Los Lunas, New Mexico, United States",Los Lunas,New Mexico,City,15336
"Dixon, Illinois, United States",Dixon,Illinois,City,15319
"Bellevue, Wisconsin, United States",Bellevue,Wisconsin,City,15317
"Sunland, California, United States",Sunland,California,City,15316
"Millbrook, Alabama, United States",Millbrook,Alabama,City,15314
"Brownsville, Florida, United States",Brownsville,Florida,City,15313
"Wailuku, Hawaii, United States",Wailuku,Hawaii,City,15313
"Warren Township, New Jersey, United States",Warren Township,New Jersey,City,15311
"Seaford, New York, United States",Seaford,New York,City,15294
"Washougal, Washington, United States",Washougal,Washington,City,15288
"Dallas, Oregon, United States",Dallas,Oregon,City,15277
"Graniteville, New York, United States",Graniteville,New York,City,15272
"Henderson, North Carolina, United States",Henderson,North Carolina,City,15271
"Stallings, North Carolina, United States",Stallings,North Carolina,City,15270
"River Falls, Wisconsin, United States",River Falls,Wisconsin,City,15269
"Berkley, Michigan, United States",Berkley,Michigan,City,15268
"Damascus, Maryland, United States",Damascus,Maryland,City,15257
"Shelbyville, Kentucky, United States",Shelbyville,Kentucky,City,15253
"Roxbury Crossing, Massachusetts, United States",Roxbury Crossing,Massachusetts,City,15248
"Susanville, California, United States",Susanville,California,City,15247
"Pataskala, Ohio, United States",Pataskala,Ohio,City,15245
"Traverse City, Michigan, United States",Traverse City,Michigan,City,15218
"South Yuba City, California, United States",South Yuba City,California,City,15217
"Merrifield, Virginia, United States",Merrifield,Virginia,City,15212
"Ledyard, Connecticut, United States",Ledyard,Connecticut,City,15212
"Fords, New Jersey, United States",Fords,New Jersey,City,15187
"New Territory, Texas, United States",New Territory,Texas,City,15186
"Kapolei, Hawaii, United States",Kapolei,Hawaii,City,15186
"Clearlake, California, United States",Clearlake,California,City,15182
"McKinleyville, California, United States",McKinleyville,California,City,15177
"Brunswick, Maine, United States",Brunswick,Maine,City,15175
"Highview, Kentucky, United States",Highview,Kentucky,City,15167
"Kenmore, New York, United States",Kenmore,New York,City,15160
"Belvedere Park, Georgia, United States",Belvedere Park,Georgia,City,15152
"Ripon, California, United States",Ripon,California,City,15151
"Rossville, Maryland, United States",Rossville,Maryland,City,15147
"Depew, New York, United States",Depew,New York,City,15146
"Seven Oaks, South Carolina, United States",Seven Oaks,South Carolina,City,15144
"Wilmington Island, Georgia, United States",Wilmington Island,Georgia,City,15138
"Parlier, California, United States",Parlier,California,City,15138
"Gates-North Gates, New York, United States",Gates-North Gates,New York,City,15138
"East Rancho Dominguez, California, United States",East Rancho Dominguez,California,City,15135
"Natchez, Mississippi, United States",Natchez,Mississippi,City,15128
"Cloverly, Maryland, United States",Cloverly,Maryland,City,15126
"Newton, Iowa, United States",Newton,Iowa,City,15125
"Lamont, California, United States",Lamont,California,City,15120
"East Brainerd, Tennessee, United States",East Brainerd,Tennessee,City,15114
"Vandalia, Ohio, United States",Vandalia,Ohio,City,15106
"Rio Linda, California, United States",Rio Linda,California,City,15106
"East Longmeadow, Massachusetts, United States",East Longmeadow,Massachusetts,City,15102
"Ramsey, New Jersey, United States",Ramsey,New Jersey,City,15102
"West Park, Florida, United States",West Park,Florida,City,15097
"Greeneville, Tennessee, United States",Greeneville,Tennessee,City,15094
"Mount Vernon, Illinois, United States",Mount Vernon,Illinois,City,15087
"Adelphi, Maryland, United States",Adelphi,Maryland,City,15086
"Front Royal, Virginia, United States",Front Royal,Virginia,City,15070
"Weston, Wisconsin, United States",Weston,Wisconsin,City,15069
"Spanish Springs, Nevada, United States",Spanish Springs,Nevada,City,15064
"Fort Leonard Wood, Missouri, United States",Fort Leonard Wood,Missouri,City,15061
"Duxbury, Massachusetts, United States",Duxbury,Massachusetts,City,15059
"Sterling, Illinois, United States",Sterling,Illinois,City,15057
"Williamsburg, Virginia, United States",Williamsburg,Virginia,City,15052
"Somerton, Arizona, United States",Somerton,Arizona,City,15048
"Three Lakes, Florida, United States",Three Lakes,Florida,City,15047
"Auburndale, Florida, United States",Auburndale,Florida,City,15035
"Gloversville, New York, United States",Gloversville,New York,City,15023
"Hereford, Texas, United States",Hereford,Texas,City,15021
"Eggertsville, New York, United States",Eggertsville,New York,City,15019
"Batavia, New York, United States",Batavia,New York,City,15010
"Dumas, Texas, United States",Dumas,Texas,City,15001
